Palabra,Conteo
primer,32
informe,46
de,4110
gobierno,217
ernesto,10
zedillo,11
ponce,10
león,10
presidente,69
los,1377
estados,77
unidos,37
mexicanos,218
septiembre,9
1,12
1995,43
honorable,44
congreso,112
la,2744
unión,80
en,1522
cumplimiento,18
lo,210
dispuesto,3
por,658
el,1656
artículo,15
69,10
constitucional,37
presento,2
a,1332
esta,134
soberanía,40
un,539
escrito,19
sobre,62
estado,107
general,32
que,1753
guarda,12
administración,69
pública,84
del,697
país,174
agradezco,3
las,748
señoras,25
y,2231
señores,33
legisladores,35
muy,107
honrosa,2
oportunidad,13
hacer,51
uso,9
alta,20
tribuna,7
siempre,37
consideraré,1
privilegio,6
una,458
gran,50
responsabilidad,52
dirigirme,2
al,307
su,279
propia,13
sede,1
vez,65
sintetizar,1
acabo,2
entregar,5
quiero,4
aprovechar,6
invaluable,1
ocasión,4
para,868
hablar,6
tres,37
temas,10
hoy,103
más,464
nos,82
preocupan,2
todos,218
situación,20
económica,71
justicia,107
avance,31
democrático,25
condiciones,60
económicas,14
últimos,13
nueve,3
meses,39
han,180
sido,67
particularmente,5
adversas,9
distintas,2
generalidad,2
esperaba,1
pasado,49
1o,2
diciembre,15
crisis,48
financiera,19
emergió,1
fines,13
1994,42
ha,267
deteriorado,1
severamente,1
niveles,27
vida,58
población,48
puso,9
riesgo,16
mucho,55
construido,7
con,681
trabajo,38
millones,164
largo,40
años,112
desaliento,1
nueva,51
provocó,2
ciudadanos,36
se,705
agudizó,1
porque,31
esfuerzo,117
realizado,11
durante,70
casi,46
década,5
transformar,5
nuestras,41
estructuras,2
había,18
alimentado,1
expectativas,1
crecimiento,94
multiplicación,2
empleos,32
estables,1
e,65
ingresos,24
crecientes,3
esforzaron,1
espera,5
no,272
llegó,11
podemos,24
apreciar,2
fue,33
gestando,1
tiempo,30
naturaleza,4
magnitud,7
pueden,15
ser,61
atribuidas,1
solo,12
hecho,34
o,80
determinada,1
decisión,16
política,125
ciertamente,10
hubo,2
razones,7
estallara,1
tanta,2
fuerza,14
ellas,17
muchos,47
fuerte,23
creciente,8
déficit,7
cuenta,26
corriente,7
balanza,9
pagos,17
financiara,1
entradas,3
capital,19
volátil,1
también,88
influyó,1
financiaran,1
proyectos,10
plazo,36
instrumentos,11
corto,14
permitiera,1
allá,1
prudente,2
apreciación,1
tipo,5
cambio,23
real,8
frente,20
cambios,7
drásticos,1
internas,2
externas,5
políticas,21
financieras,9
hayan,7
reaccionado,1
lentamente,2
sentido,17
riesgoso,1
como,187
dolarización,1
deuda,10
interna,1
supuso,1
tesobonos,3
es,372
preciso,9
reconocer,11
sin,107
embargo,26
algunas,8
circunstancias,13
influyeron,2
gestación,3
habían,12
presentado,10
nunca,36
antes,63
mismo,33
irrumpió,2
era,33
impredecible,2
precedentes,5
ejemplo,10
origen,5
bancario,18
parte,60
flujos,5
llegaron,4
varios,21
postre,1
exacerbó,1
volatilidad,2
tampoco,6
tenían,4
precedente,14
hechos,10
violencia,19
enlutaron,1
nación,73
absoluta,16
convicción,20
afirmo,4
habría,16
ocurrido,6
tal,10
gravedad,7
aun,11
presencia,5
factores,8
adversos,2
señalados,3
haberse,4
descuidado,1
generación,16
ahorro,33
interno,37
mientras,12
1988,2
ahorrábamos,1
22,2
ciento,152
producto,33
nacional,109
esa,60
proporción,13
reduciéndose,1
año,192
tras,7
hasta,43
llegar,19
menos,31
16,9
pesar,13
esos,28
contamos,17
mayor,80
disponibilidad,4
recursos,121
financieros,9
externos,6
historia,39
falta,25
inversión,46
productiva,15
tuviera,2
dinamismo,3
deseable,1
caída,8
cada,128
mayores,18
cubiertos,1
fuertes,10
financiero,20
explica,3
última,5
instancia,3
bajo,18
económico,52
bruto,26
economía,82
mexicana,16
hizo,4
vulnerable,2
movimientos,3
vulnerabilidad,1
aumentó,10
trágicos,1
alza,2
tasas,14
interés,38
exterior,15
agotarse,1
estrechos,2
márgenes,4
podrían,4
haber,15
permitido,6
corregir,5
gradualmente,3
grave,26
desequilibrio,3
acumulado,6
estalló,1
súbitamente,2
perdió,2
todo,89
acceso,15
adicional,9
disponibles,6
además,52
inició,5
retiro,9
masivo,4
méxico,143
dejó,3
contar,16
ingreso,16
cuantioso,2
externo,8
tenido,19
anteriores,4
inversiones,7
acumuladas,2
ese,64
periodo,16
comenzaron,2
salir,5
nuestra,140
obstante,7
realizó,3
ineludible,3
ajuste,14
cambiario,3
registraron,2
significativa,4
pérdida,12
continuó,2
haciéndose,1
primeros,25
días,16
borde,1
colapso,6
productivo,14
momentos,11
tarea,37
fundamental,23
evitar,18
cayésemos,1
insolvencia,9
quebrantado,2
completo,4
debía,2
afrontarse,1
rapidez,6
determinación,7
estoy,14
convencido,9
adoptado,2
medidas,15
gradualistas,1
peor,8
aún,15
caído,1
inacción,1
inmediato,10
habrían,8
perdido,3
hubiera,2
desmantelado,1
considerable,4
aparato,7
recuperación,36
hubiese,9
tomado,2
quizás,2
lustros,1
amenaza,13
dudé,2
tomar,8
todas,45
decisiones,18
consideré,3
indispensables,8
cristalizara,1
escenarios,1
programa,71
cumplir,36
objetivos,23
inmediatos,4
fundamentales,9
alejar,1
total,24
creando,1
detuviesen,1
masiva,3
capitales,3
restableciesen,1
mínima,1
estabilidad,8
mercados,17
igualmente,4
importante,39
rápida,7
ordenadamente,1
menores,8
costos,7
posibles,5
planta,4
empleo,39
asimismo,23
indispensable,19
inflación,18
causada,3
devaluación,2
volviese,1
incontrolable,1
lograr,35
incluyó,2
drásticas,2
dolorosas,1
fortalecer,23
finanzas,9
públicas,26
diseño,1
negociación,14
estrategia,31
financiamiento,14
compensar,2
revertir,3
sufrido,7
dio,4
importancia,14
aplicación,9
programas,68
especiales,5
atenuar,2
impactos,1
recesivos,1
inflacionarios,1
fortalecimiento,13
recortó,1
fuertemente,4
gasto,39
público,20
programado,3
presente,22
ejercicio,20
fiscal,20
cierre,6
registrará,1
disminución,7
diez,4
términos,16
reales,11
respecto,19
anterior,3
propósito,25
modificaron,1
precios,14
tarifas,1
sector,11
tasa,22
impuesto,4
valor,16
agregado,1
estas,12
desempleo,15
graves,21
demandado,2
sacrificio,2
factor,5
severo,4
presión,2
constituyó,2
calibrar,1
conviene,4
saber,5
sufrió,4
varias,6
veces,13
impacto,5
1982,2
petróleo,11
1986,1
problema,18
difícil,12
estaban,2
juego,1
inversionistas,2
eran,9
acreedores,1
bancarios,4
sino,43
miles,12
ahorradores,1
extranjero,6
invirtieron,2
liquidez,2
eso,73
resultaba,2
materialmente,1
imposible,5
recurrir,2
renegociación,2
crediticia,2
tradicional,1
ante,34
complejidad,9
apremio,2
crucial,1
encontrar,3
mecanismos,5
alternos,1
lograsen,1
efecto,9
concretarlos,1
brevedad,2
marco,30
relación,24
permite,7
tratado,4
libre,20
comercio,7
negoció,3
línea,3
crédito,14
20,6
mil,173
dólares,25
apoyo,42
organismos,4
multilaterales,3
miembro,2
pleno,12
derecho,43
países,18
amigos,3
socios,2
comerciales,3
convinieron,2
otros,47
compromisos,3
respaldo,3
constituir,1
paquete,16
cerca,31
50,2
negociaciones,3
empréstitos,1
configuran,1
dicho,6
fueron,15
invariablemente,7
conducidas,1
principios,17
respeto,44
dignidad,14
nada,9
espaldas,1
apoyos,37
obtenidos,4
aplicado,3
dispuestos,1
este,233
fondos,5
contribuyeron,2
despejar,1
estabilizar,1
respaldar,7
proceso,21
breve,3
posible,34
emergencia,26
logró,12
pocos,4
renegociaba,1
curso,4
debo,3
insistir,1
integran,8
significan,2
endeudamiento,2
nuestro,69
son,87
líneas,2
pasivos,5
alto,11
costo,19
menor,12
totalidad,3
utilizados,3
liquidar,3
reservas,5
internacionales,20
día,25
negociado,1
desembolsado,1
23,6
902,1
contrapartida,1
saldo,7
alcanzaba,1
29,3
206,1
elemento,4
central,5
estallido,1
disminuido,1
173,1
decir,7
redujo,2
26,4
33,7
otras,23
obligaciones,7
privadas,1
tanto,27
bancarias,4
reducido,3
ocho,2
ayer,2
banco,2
ubicaron,1
15,8
73,3
implica,11
aumento,17
31,3
cuentas,7
corregido,1
sustancialmente,6
siete,13
gracias,55
principalmente,3
exportaciones,9
comercial,9
acumuló,1
superávit,2
690,1
contrasta,1
393,1
registrado,10
lapso,6
tuvo,8
semestre,11
corrección,2
13,4
200,3
mensual,3
abril,2
muestra,3
desde,57
entonces,11
clara,6
tendencia,7
decreciente,1
agosto,11
estima,3
ya,82
dos,35
superó,3
nuevos,22
pesos,34
dólar,1
mes,14
marzo,4
promediado,3
interbancaria,1
110,2
40,10
si,46
bien,26
continúa,2
siendo,20
elevada,2
iniciales,1
logrado,17
disipado,1
claramente,9
existió,1
estos,51
resultados,35
valerosa,1
adelante,7
solidaridad,5
campesinos,9
obreros,2
empleados,5
empresarios,1
efectivos,2
propósitos,14
intensidad,2
consecuencias,10
percibir,2
significaban,1
traducido,1
personas,48
empresas,16
esto,36
consumo,8
ello,33
agravado,2
recesivo,1
pib,6
fenómenos,1
conjunto,12
significado,8
salarios,10
nivel,23
junio,3
imss,11
reportó,2
824,1
afiliados,1
grandes,24
dolorosos,2
pero,77
tendríamos,2
ahora,77
nosotros,14
perspectiva,3
inicio,35
emprendido,3
acciones,24
sociales,40
aliviar,1
efectos,11
recesión,2
puesto,11
marcha,20
viables,3
proteger,9
incluso,20
generarlo,1
allí,5
donde,37
medida,19
dado,10
intensificado,1
concertación,5
gobiernos,45
estatales,33
estableció,13
especial,31
temporal,5
aportación,7
federal,121
700,7
adicionalmente,18
300,7
conservación,2
caminos,12
rurales,9
ambos,5
están,67
generando,2
710,1
plazas,2
temporales,3
ampliaron,1
significativamente,9
metas,12
capacitación,23
trabajadores,24
desempleados,1
activo,5
beneficiarán,1
amplió,1
seis,9
cobertura,18
servicios,55
salud,98
aquellos,7
asegurados,9
atendidas,1
684,1
millón,22
500,17
familiares,4
suyos,1
coordinación,14
alimentación,9
nutrición,8
familiar,5
dirigido,4
regiones,15
índices,6
agudos,2
pobreza,30
distribuyen,1
mensualmente,1
224,1
despensas,4
benefician,1
carencias,12
nutricionales,1
incrementó,2
250,1
desayunos,11
escolares,12
fin,41
distribución,7
diaria,3
través,25
subsidio,4
tortilla,4
atiende,8
familias,50
escasos,7
mediante,14
abasto,10
social,153
leche,4
niños,68
diariamente,2
infraestructura,16
incrementado,6
21,5
tiendas,2
comunitarias,2
mayoría,24
ubicadas,1
medio,42
rural,17
sistema,78
comunitario,1
apartadas,1
algunos,22
república,89
sumado,2
estragos,2
prolongada,4
sequía,3
atender,21
gravemente,2
afectadas,2
operación,8
emergente,3
asignación,1
746,1
diversos,12
beneficiaron,1
274,1
comunidades,32
480,1
productores,17
campo,44
aumentado,9
subsidios,2
dirigidos,3
energía,11
eléctrica,6
agrícola,1
apoyan,3
precio,8
fertilizantes,1
partir,33
jurídico,10
renovado,3
directos,2
proporcionarán,1
seguido,6
incrementar,5
productividad,12
rentabilidad,5
actividades,6
agrícolas,5
ganaderas,1
así,77
mejorar,11
neto,1
vigor,11
comercialización,10
adaptar,1
vocación,6
natural,7
tierra,10
cambiante,1
ejerciendo,2
cinco,17
400,5
productos,11
1996,22
iniciaremos,4
amplio,9
humano,6
tecnología,4
reforzaremos,1
regularización,4
agraria,3
realizaremos,2
organización,8
será,39
reestructurado,1
adecuarlo,1
necesidades,5
productivas,7
reafirmo,2
mi,51
compromiso,33
mexicano,28
avanzaremos,5
integral,27
desarrollo,79
promueva,4
aliente,5
producción,20
fortalezca,4
modernice,1
agropecuaria,10
extraordinario,2
extender,7
hacia,27
extrema,9
aspecto,5
concentró,1
conclusión,1
obras,5
construcción,22
unidades,7
médicas,4
zonas,14
altísima,4
urgencia,2
mantenimiento,3
existente,2
cuidado,6
mantener,10
adecuada,5
médicos,10
hospitalarios,1
públicos,26
atendieron,1
42,2
detenga,1
educativo,8
educación,91
eficaz,19
construir,14
sociedad,28
justa,10
participativa,1
democrática,28
próspera,2
ciclo,19
escolar,23
terminó,2
julio,17
avanzó,2
universal,4
básica,15
jóvenes,41
cuatro,10
índice,1
atención,35
preescolar,10
primaria,29
secundaria,27
mejoraron,1
aprobación,11
retención,1
eficiencia,5
terminal,1
habrá,22
sostenerse,1
nuevo,42
consolidación,5
reforma,89
contenidos,3
materiales,10
educativos,10
semana,3
puntualidad,1
distribuyendo,5
114,1
libros,17
texto,13
gratuitos,7
maestros,18
sindicato,2
avanza,1
actualización,6
magisterio,3
educativa,12
énfasis,5
grupos,20
rezago,7
le,21
impulso,10
compensatorios,3
llevándolos,1
beneficio,8
educandos,1
seguir,15
extendiendo,2
reciben,11
planteles,1
bienestar,20
alentar,9
convivencia,11
fincada,1
democracia,108
requerimos,1
alcanzar,36
vigoroso,4
superar,9
constituye,2
sólo,53
primera,28
amplia,10
llevará,1
sostenido,20
sustentable,3
fase,2
hemos,66
concentrado,1
desequilibrios,1
precipitaron,1
disipar,1
claridad,11
ir,7
fincando,1
permitan,7
emprender,12
bases,32
sólidas,7
cuando,29
acentuar,1
alienten,1
servirán,1
reformas,35
legales,15
tendientes,1
impulsar,19
privada,6
ferrocarriles,2
telecomunicaciones,3
aviación,1
civil,2
transporte,1
gas,2
propuesta,5
ejecutivo,52
objetivo,11
promover,17
creación,16
fuentes,14
orienta,1
desregulación,3
hará,6
ligera,1
gravosa,1
carga,3
trámites,2
deben,25
micro,2
pequeñas,2
medianas,2
instalación,2
cotidiana,6
normatividad,2
concentre,1
protección,9
consumidores,2
actividad,8
particulares,5
lugar,3
obstruirla,1
repercusión,1
satisfacción,2
necesidad,3
asignado,1
prioridad,7
reactivación,3
vivienda,18
está,96
permitirá,11
reestructuración,8
créditos,10
hipotecarios,3
existentes,1
sustancial,3
ampliación,5
impulsores,1
simplificación,3
reducción,5
indirectos,1
titulación,3
diseñó,1
generar,7
adicionales,5
segunda,5
mitad,9
otra,22
fuente,2
crecerá,1
próximos,14
congruencia,2
marcada,1
austeridad,2
darse,2
cuartas,3
partes,10
programada,1
erogarán,1
segundo,10
favoreciéndose,1
demanda,7
elaborará,1
calendario,1
dé,1
continuidad,3
iniciado,13
preparación,3
ejecución,3
pueda,4
iniciarse,1
cuanto,3
cuente,5
presupuestales,6
correspondientes,6
moderna,4
suficiente,10
requisito,1
deficiencias,5
tiene,39
exige,20
complemente,1
creará,1
fondo,8
inicial,2
600,7
participación,32
emitiendo,1
garantías,10
atraer,2
sanas,4
privados,1
favor,7
regional,1
equilibrado,3
otro,10
motor,5
alivio,3
iniciara,1
gravosos,1
ahí,20
positivos,3
abierto,11
acción,13
éstos,3
utilizado,2
dar,15
viabilidad,5
banca,6
monetaria,6
premisa,1
preservar,11
solvencia,3
instituciones,62
guardan,1
remuneran,1
comprometido,3
capacidad,31
contribuir,4
resolver,12
agobio,1
deudores,10
comprende,8
reducciones,2
intereses,12
condonación,1
moratorios,1
topes,1
erogaciones,1
habrán,6
sus,131
reestructurados,1
treguas,1
judiciales,3
limitaciones,5
puedan,11
solicitar,1
bancos,17
dará,7
holgura,1
presupuestos,3
representará,3
estímulo,2
recuperar,4
tengo,9
plena,21
confianza,29
tercer,10
trimestre,3
señaladamente,9
cuarto,9
comenzará,2
percibirse,1
diferencia,5
trimestres,2
crecer,6
aunque,9
moderadamente,1
periodos,2
resultado,22
baja,5
reanimación,2
expansión,4
reanudación,1
extranjera,6
directa,3
significará,1
relajamiento,1
disciplina,10
ocurra,1
mantenerse,1
congruente,4
necesaria,4
cambiaria,4
permanentemente,5
exportador,2
último,13
continuaremos,5
negociando,1
acuerdos,13
liberalización,1
novecientos,1
noventa,1
generalice,1
consoliden,2
dinámico,3
proponemos,7
subsiguientes,1
propone,3
plan,4
superada,1
actual,6
consolidada,1
alcancen,1
sostenidas,1
superiores,7
anual,9
logrará,1
abatir,5
rezagos,21
históricos,2
mejoramiento,10
continuo,2
oportunidades,38
objeto,2
conferimos,1
ímpetu,2
orientadas,1
elevar,14
laboral,5
tecnológica,7
promoverán,1
necesarias,8
estimular,4
mano,5
obra,4
procesos,11
productivos,6
reto,8
iniciada,1
sostenga,2
consolide,3
requiere,16
ésta,6
depende,7
provienen,2
consecuentemente,1
clave,3
reaparición,1
afectado,2
últimas,2
décadas,3
absorber,1
productivamente,1
alguno,5
todavía,18
delineado,1
ella,15
revisten,1
tributario,3
transformación,8
sistemas,9
contribución,3
pensiones,13
debe,68
fases,1
acompasadas,1
posibilidades,5
otorgue,1
propongo,11
trabajar,27
ordinario,1
etapa,29
ocupe,1
institucional,10
seguridad,81
jurídica,20
contribuyentes,1
etapas,2
subsecuentes,4
abordarían,1
significativos,3
estructura,4
tributaria,2
pongo,1
consideración,16
legisle,1
definir,3
contribuciones,3
estimule,2
personal,12
amplíe,2
asegure,5
dignas,2
genere,3
remunerados,4
toda,63
razón,28
demandan,10
emprenderemos,1
aseguraremos,1
exitosa,1
ninguna,12
podrá,6
darnos,3
queremos,16
necesita,9
logramos,2
garantizar,11
vigencia,5
ciudadanía,33
sigue,8
víctima,1
distancia,3
existe,3
entre,90
palabra,7
ley,100
observancia,7
normas,5
fórmulas,2
impartición,6
profunda,14
justificadamente,1
agraviada,1
lugares,3
indignante,2
familia,22
patrimonio,15
vive,6
preocupada,1
inseguridad,10
calles,4
sitios,1
ofende,1
frecuencia,5
delitos,24
impunidad,12
quienes,55
violan,1
exaspera,1
comprobar,1
casos,16
propios,3
encargados,2
orden,5
procurar,14
atropellan,1
arrastramos,1
desconfianza,2
justificada,3
responsables,7
estamos,31
viviendo,4
insuficientes,7
negligencia,4
omisiones,1
procuración,14
dañado,1
seriamente,3
franqueza,5
reconozco,4
retraso,2
sea,48
norma,3
efectiva,8
avancemos,1
puede,36
completada,1
noche,1
mañana,5
ardua,1
inevitablemente,3
éxitos,2
prueba,5
ocasiones,3
amargas,1
cuyos,5
mejores,29
frutos,7
tardarán,1
madurar,1
trascendencia,4
ocupará,1
tendrá,10
solidez,5
legitimidad,5
realizada,2
constitución,44
reforzamiento,2
leyes,62
paso,31
enviar,2
iniciativa,20
constitucionales,5
aprobada,5
constituyente,3
permanente,10
dicha,6
debatida,1
intensamente,2
enriquecida,1
promulgada,1
sienta,2
poder,92
judicial,23
independiente,5
imparcial,4
probidad,2
transparente,6
crecientemente,2
profesional,8
mejor,51
capacitado,1
responsabilidades,12
suprema,14
corte,14
órgano,6
genuinamente,4
autónomo,1
electo,2
senado,2
reitero,8
acabaron,1
tiempos,2
nombramientos,1
políticos,22
influencias,3
ampliado,4
atribuciones,12
vigilar,5
constitucionalidad,2
controversias,8
distintos,6
órdenes,12
promovidas,1
municipios,31
distrito,16
federación,20
dirimir,2
procedimientos,4
reglamentados,1
tercera,2
legislativo,41
impugnar,1
inconstitucionalidad,1
suspenda,1
fortalece,3
equilibrio,16
poderes,32
garantiza,5
esté,7
ceñida,1
creó,3
sentado,3
jueces,3
magistrados,2
tengan,9
independencia,16
actuar,10
imparcialmente,1
estricto,2
apego,15
honestidad,6
prontitud,3
adquiera,1
certeza,11
inclinará,1
quien,18
esgrima,1
juicio,2
amparo,2
principal,8
actos,11
autoridad,14
sesiones,12
comienza,2
enviaré,3
propondrá,2
procedimiento,2
ágil,2
sencillo,2
facilitar,5
valioso,1
instrumento,8
cierta,2
proliferación,1
delictivos,1
económicos,15
incidencia,2
registran,1
obsolescencias,1
nuestros,48
órganos,9
prevención,4
persecución,5
obstáculo,4
especialmente,8
estriba,3
delincuentes,14
avanzado,5
organizativa,2
ilícitos,4
cuerpos,9
policiales,4
actúan,3
territorio,7
hacen,9
medios,17
técnicos,1
heterogéneos,1
entrenamiento,3
desiguales,1
prioridades,3
frecuentemente,1
desarticulados,1
establecer,8
fundamentos,3
jurídicos,1
claros,6
aplicar,7
combate,19
sistemático,2
articulado,1
contra,29
delincuencia,18
crimen,10
organizado,6
someteré,2
norme,1
conformar,3
permita,4
diseñar,3
conjuntamente,3
preverá,1
funcionamiento,2
instancias,4
desarrollará,1
formación,9
desempeño,6
miembros,8
regulará,1
sistematizar,1
información,9
relevante,1
conjuntaremos,1
esfuerzos,15
regulatorio,1
adoptar,1
efectivas,2
ámbitos,4
aseguren,6
depuración,5
profesionalización,2
técnica,5
virtud,3
criminal,2
bandas,6
ordenamiento,1
complementario,1
combatir,10
eficacia,9
terrible,2
enemigo,1
narcotráfico,11
convertido,2
tranquilidad,8
valores,7
tradiciones,2
confiamos,4
cumpla,5
sumaremos,1
global,2
cooperación,15
internacional,21
cualquier,21
caso,12
seguiremos,10
combatiendo,2
alcance,4
reforzar,2
mal,3
vulnera,2
voluntad,38
lesiona,3
credibilidad,2
prohíja,1
corrupción,20
organizada,5
paralelamente,1
avances,17
legislativos,1
completa,6
procuradurías,5
apenas,10
pasos,6
tenemos,18
delante,2
reclama,6
activa,7
resuelta,2
perseverante,2
invito,2
intensifique,2
coadyuvando,1
formulación,2
iniciativas,16
verificando,1
investigaciones,5
crímenes,2
cometidos,2
distinguidas,1
figuras,1
evidenciaron,1
acontecimientos,2
mis,3
guía,1
único,8
lealtad,5
artículos,2
17,6
102,1
establece,7
federales,22
incumbe,1
ministerio,5
presidido,1
procurador,6
corresponde,11
tribunales,2
imposición,2
penas,6
exclusiva,2
éste,7
determinar,1
pertinencia,1
rigor,10
calidad,29
elementos,9
pruebas,3
aporta,1
manera,18
consistiría,1
nombrar,1
cuya,3
libertad,38
criterio,4
estuviera,1
fuera,4
duda,5
he,48
promovido,3
refuerzan,1
autonomía,6
subrayar,3
perseguir,6
tener,19
preside,1
designé,1
destacado,2
integrante,1
partido,12
político,25
distinto,2
yo,1
pertenezco,3
sabe,3
llevar,8
cabo,13
tareas,18
límites,2
reparar,4
presiones,4
índole,1
única,2
instrucción,1
buscar,2
verdad,15
cumpliendo,3
estrictamente,3
obligación,14
atenerme,1
entera,5
conduzca,4
procuraduría,2
respetar,5
resoluciones,2
exhorto,3
comunicación,16
menoscabo,2
libertades,15
respalden,1
trabajos,4
evitando,1
sensacionalismos,2
rumores,1
trabajando,10
garantice,6
excepción,1
impunidades,2
regida,2
ciudadana,12
base,12
auténtica,6
rendir,3
protesta,1
mediaran,1
pactos,1
previos,2
convoqué,4
democratización,2
edifique,1
federalismo,27
electoral,34
definitiva,7
directamente,7
propuse,7
comenzar,4
dirigencias,6
partidos,34
aquí,6
representados,4
enseguida,1
consensos,7
amplios,2
perfeccionar,3
propuestas,11
organizaciones,11
posiciones,1
respetables,1
causas,11
impedido,1
vía,3
debemos,51
estar,12
conscientes,3
restringirse,1
cauce,3
demostrando,1
existen,6
cauces,1
legítimos,2
avanzar,17
sigo,2
considerando,1
preferible,1
acuerdo,19
estaré,2
vías,2
impulsen,2
celeridad,2
transparencia,7
representatividad,2
pluralismo,7
ofrecen,6
camino,11
promisorio,1
progreso,22
forjado,1
debatido,1
apertura,11
pasión,6
ideas,3
consolidado,4
pluralidad,11
llamado,5
papel,4
siglo,21
xxi,7
decidido,2
claro,5
efectivo,9
presidencia,16
apegado,1
haga,4
exclusivamente,6
facultades,11
confiere,10
sujetando,1
escrutinio,3
ciudadano,25
republicano,7
sean,15
promoví,2
fortalecen,2
procurado,8
forma,14
regularidad,1
encuentros,1
fracciones,1
parlamentarias,1
discutir,2
ánimo,5
constructivo,6
asuntos,13
diálogo,29
me,19
benéfico,1
intensificarlo,1
esencialmente,1
cámaras,16
expresado,3
respetado,9
coadyuvante,1
nacionales,8
colaborará,1
estimen,1
pertinente,1
reglamentación,1
acuciosa,1
plazos,2
modalidades,1
envío,2
análisis,7
discusión,3
control,6
fiscalización,3
pase,1
crear,4
seno,2
auditoría,4
superior,31
previo,1
presentaré,1
colegiado,1
personalidad,1
capacidades,6
autónomas,1
controlar,1
verificar,1
gestión,3
corregirá,1
errónea,1
práctica,6
fiscalizado,1
fiscalizador,1
propiciará,1
rendición,3
convincente,2
confiable,2
decisivo,7
lucha,14
examen,2
daremos,2
vigorizar,1
contrapesos,2
ideal,3
federalista,2
raíces,4
profundas,4
conjugan,1
primeras,4
aspiraciones,6
originaria,1
inspiró,1
heroicos,1
exigió,1
talento,3
después,12
realidad,13
aquel,4
aquellas,1
hazañas,1
buena,16
hombres,8
mujeres,16
siguen,7
padeciendo,1
centralismo,2
proponernos,1
claras,6
inmediatas,1
nutra,2
unidad,15
diversidad,7
impulse,4
justo,21
imperativo,3
redistribución,3
esencial,17
vencer,10
vicios,3
inercias,2
centralistas,1
aproximaciones,1
constantes,1
sucesivas,2
venidero,1
apoyados,2
pacto,2
responda,2
demandas,11
cuidadosa,3
continua,1
sistemáticamente,4
arriesgar,1
atendiendo,8
desigualdades,2
compensándolas,1
equidad,8
forjar,2
firmes,7
hacendaria,1
revisar,1
potestades,2
tributarias,2
ampliar,6
gravables,1
entidades,5
federativas,5
fortaleciendo,4
descentralización,12
entendida,4
transferencia,5
funciones,6
dependencias,7
profundicemos,1
federalización,5
extendiéndola,1
media,7
escuelas,14
impulsaremos,1
locales,8
oportuna,8
humana,2
clínicas,4
hospitales,5
secretaría,9
agricultura,1
ganadería,1
traslado,1
importantes,17
comunicaciones,2
transportes,1
promoveremos,1
aspectos,15
sustantivos,2
ambiental,2
manejo,4
agua,12
llevaremos,1
viven,11
problemas,25
generan,1
aplicarse,4
soluciones,5
presupuesto,17
egresos,4
descentralizar,2
terceras,3
ramo,6
ejerce,1
propuesto,6
alternativa,2
propiciar,8
fundado,4
suma,7
prósperas,1
respetando,4
geográfica,1
cultural,9
efectivamente,7
combata,1
mitigue,1
contrastes,2
reconocido,2
injusticia,5
prevalecen,2
chiapas,14
asumir,8
afirmé,1
paz,15
conflicto,3
predominaron,1
violentos,2
comenzado,9
incipientemente,1
esenciales,19
básicos,24
arduo,1
tropiezos,1
asperezas,1
dando,3
chiapaneco,1
enorme,22
acto,9
corresponsabilidad,7
expidió,1
conciliación,2
digna,9
ofrece,4
políticamente,2
legítimo,4
solución,16
hago,4
reconocimiento,15
labor,8
mediadora,2
sustantiva,1
orientada,2
comisión,10
concordia,5
pacificación,2
integrada,3
continuar,8
lenguaje,5
guerra,2
reconciliación,1
esperanza,7
rencor,2
particular,6
consagrar,2
miseria,4
atraso,2
desperdiciar,1
cuestiones,2
formalidades,1
secundarias,6
convenga,1
surgir,2
derechos,37
indígenas,21
utilicemos,1
agrarios,2
campesina,2
experiencia,4
junto,2
elaboremos,1
proyecto,5
reglamente,1
concerniente,1
4o,1
redefinir,1
éstas,3
protagonistas,1
propio,10
partiendo,1
fortaleceremos,1
orientación,4
materia,11
corregiremos,1
repararemos,1
agravios,3
multiplicaremos,1
respetuosamente,1
profundice,1
duradera,3
edificada,1
nadie,15
escatimar,1
logremos,2
inmensa,6
simpatiza,1
inconformidad,1
indigna,6
rechaza,1
diferencias,8
resuelvan,3
agota,1
electorales,18
funda,1
ellos,16
paralizada,1
pasados,14
esferas,1
debate,8
condiciona,2
posterga,1
residido,1
básicamente,1
febrero,1
celebrado,4
elecciones,24
renovación,4
congresos,3
ayuntamientos,3
intensa,8
nuevas,22
legislaciones,2
notablemente,1
avanzadas,1
comicios,3
altamente,1
competidos,1
pacíficos,1
corresponden,3
constituyen,4
caracterizada,1
normalidad,9
logro,3
firme,25
irreversible,2
cabal,6
edificando,3
mismas,2
construyendo,2
lado,5
corrientes,2
ideológicas,1
atrás,8
preparado,1
seriedad,5
transformaciones,3
primordial,7
negar,1
futuras,2
adecuaciones,2
terminar,1
insatisfacción,6
competencia,16
construirse,2
viejo,1
autoritarismo,7
ni,47
contraviniendo,1
satisfacer,1
reclamos,1
responder,6
madurez,6
vigorosa,3
obedece,3
diversas,7
responde,3
acreditado,3
sabré,1
1997,40
realice,1
legalidad,7
confiabilidad,3
deberá,7
definido,3
normativo,3
honrar,4
confío,11
primero,16
consenso,9
partidistas,4
corresponsable,4
vuelvo,4
convocar,2
legislaturas,1
municipales,12
sumar,8
voluntades,7
honorables,2
vivimos,4
ponen,2
exigen,6
garantía,5
reafirmaremos,1
engrandecerla,1
defendiendo,1
identidad,4
cultura,12
común,13
sustento,7
igualdad,8
valer,1
histórica,3
vivir,9
seguros,3
ver,5
rinda,2
trabajemos,7
arduamente,1
conseguirlo,2
adversidad,1
superado,3
momento,18
serán,17
sentando,2
hay,17
reposo,1
egoísmo,1
entrega,7
firmeza,12
certidumbre,5
afán,4
hagamos,5
cumplirle,1
hijos,13
muchas,26
respuesta,9
presidenta,2
vicente,6
aguinaco,2
alemán,2
conforme,11
dispone,3
tomos,1
anexos,3
haremos,5
analizar,4
secretarios,5
precisar,5
emprendidas,2
adoptadas,3
transitar,1
republicana,6
resalta,1
enmarcar,2
división,6
interacción,1
respetuoso,6
profundizar,3
gubernamental,4
mandato,21
condensan,1
expresiones,2
empeñados,1
constructiva,5
examinaremos,1
trabajaremos,1
superación,15
conduzcan,2
recupere,1
adquisitivo,1
dignos,1
edades,1
edificar,7
altura,5
tradición,1
armónica,4
agenda,5
legislativa,13
vislumbra,1
abundante,1
atenderemos,1
reclamo,1
asumiremos,1
sustentada,2
imparcialidad,2
deje,3
motivo,2
enfrentamientos,2
divisiones,1
enconos,1
genuino,1
desenvolvimiento,1
prioritaria,1
quehacer,1
refrendamos,1
profundizamos,1
respete,3
asumimos,2
consolidando,1
incluida,1
luego,4
seremos,3
exigentes,1
estaremos,1
vigilantes,1
actuaremos,2
patriotismo,5
estará,5
retos,17
sabrá,1
representar,3
voces,1
sumará,1
soberana,4
próspero,6
ratificará,1
indeclinable,1
ruega,6
asistentes,3
ponerse,3
pie,5
rindan,1
honores,1
ordenanza,1
designada,3
acompañar,3
retirarse,3
recinto,7
cometido,8
http,12
gobernadores,5
instruyo,1
despachos,1
atiendan,2
llamados,5
comisiones,8
abundar,4
consideren,1
pertinentes,1
mí,3
altísimo,3
utilizar,3
destacada,1
igual,15
hace,51
resumir,3
ustedes,1
entregado,6
conformidad,1
ocuparé,1
generales,10
interesan,2
pocas,9
semanas,5
asumido,1
expuse,2
enfrentábamos,1
irremediablemente,7
afectaría,1
dura,2
señalé,3
iniciábamos,1
demandaría,1
apreciables,3
sacrificios,2
absoluto,4
convencimiento,1
añadí,1
venceríamos,1
siguientes,4
confirmaron,1
abrupto,1
descenso,1
tradujo,1
6,13
dramático,1
significó,2
males,3
acumulada,3
495,1
permanentes,9
instituto,14
seguro,25
creció,9
52,4
41,3
desató,4
inestabilidad,9
pánico,1
peso,8
devaluándose,1
100,11
disminuyeron,2
3,21
parecía,1
cerrarse,1
temieron,1
cayese,1
causado,5
cadena,2
quiebras,1
cierres,1
desmantelamiento,2
apelando,1
recio,2
carácter,13
determiné,1
enfrentar,17
futuro,15
oportunamente,3
informé,2
sometí,3
causó,5
daño,8
prolongado,6
hubiéramos,1
actuado,7
distinta,2
acudir,4
signos,2
preocupantes,1
comenzaban,1
atemperarse,1
expresé,4
puedo,4
afirmar,8
abrupta,1
contracción,4
poco,11
prácticamente,11
asegura,3
meta,19
afortunadamente,9
generalizarse,1
sectores,10
insuficiente,3
venido,11
recuperándose,2
dato,1
disponible,3
reciente,3
señala,4
recuperó,1
perdidos,1
competitiva,1
repunte,1
acompañado,1
favorecido,2
enero,4
38,2
resultará,1
alrededor,8
evolución,3
determinado,1
fuerzas,18
mercado,5
ligeramente,1
bajado,1
detonante,1
continuado,1
aumentando,6
considerables,1
uno,38
motores,2
significaron,2
cuantiosas,1
saldaron,1
deudas,3
cuyo,4
vencimiento,4
presionaba,1
desmedidamente,1
recuperado,4
normal,4
operaciones,5
mejoran,3
sensiblemente,3
pago,3
externa,3
significativo,2
extendida,2
llegamos,2
12,14
efectuado,1
dejado,4
aguda,3
contraerse,1
deber,13
asentar,2
suficientes,7
daños,5
remediar,2
históricamente,1
inicia,4
crezca,4
considerablemente,2
misma,7
necesario,17
enormes,7
acreditadas,1
plenitud,3
constituya,2
sólido,1
paulatina,3
firmemente,8
legítimas,1
material,5
aquéllos,1
necesitan,5
alentarnos,1
iniciar,6
compartido,2
unir,2
rápido,6
perdurable,1
desplegar,2
ambiciosa,1
consiguiente,1
comunidad,7
perseveremos,1
quehaceres,3
consiste,8
aplicando,10
consolidarla,1
estructurales,3
eficiente,4
obtengan,3
rendimientos,4
tercero,4
aumentar,9
podremos,7
financiar,2
sanamente,1
volver,1
sufrir,3
recurrentes,2
veinte,2
consecuencia,10
resta,1
rigurosa,2
criterios,3
dieron,3
propondré,5
favorezca,1
esas,24
consolidarse,2
próximo,14
aspirar,1
fundadamente,1
altas,2
duraderas,2
1998,18
régimen,3
flotación,3
realizando,2
estimularán,1
potencial,5
alentarán,1
cabe,5
mencionar,2
aprobados,1
áreas,3
comenzarán,1
consolidar,6
residirá,1
conveniente,1
sano,3
atenerse,1
limitados,2
sentar,3
porvenir,4
comprometer,1
fiscales,6
presentes,5
futuros,2
destacan,1
canalizados,2
accionistas,4
integridad,4
depositados,1
auxiliar,2
participen,1
contribuyan,2
estimados,1
180,1
irán,2
erogando,1
quebranto,4
número,17
carreteras,4
construidas,2
concesión,1
requerirá,4
apreciable,3
erario,2
pospuesto,1
acarrearía,1
muchísimo,1
plenamente,7
positivo,2
contribuirá,3
trabajador,3
contará,3
individual,6
propiedad,11
generará,1
atractivos,1
responderá,1
trayectoria,4
pensión,1
financiará,1
vigentes,2
aportará,1
cuota,2
adicionará,1
beneficiando,1
permanencia,3
cumplan,2
establecerá,1
fallecimiento,1
enfermedad,5
discapacidad,9
accidentes,2
laborales,10
promoverá,1
centros,18
labores,6
ofreciendo,2
estímulos,5
eficaces,8
riesgos,1
podrán,3
dedicarse,1
duplicar,2
mediano,4
red,5
guarderías,2
madres,7
trabajadoras,2
acudan,3
pequeños,4
atendidos,1
cumple,6
apoyar,19
tienen,19
cumplirse,5
expresa,2
fomento,3
drenaje,5
electricidad,4
vialidades,1
absorbe,1
presupuestal,5
cien,2
gastar,3
54,2
destinan,1
avanzada,3
vejez,2
enfrentado,4
destinando,7
equivalen,3
quinta,2
programable,6
atienden,4
promedio,15
consultas,5
diarias,2
63,1
cuide,1
temprano,1
niñez,2
vacunación,4
protege,5
95,10
enfermedades,9
causaban,1
extensos,1
infantil,2
controladas,1
desafío,7
carecen,1
básico,6
pobres,20
aisladas,3
medicina,1
preventiva,4
reproductiva,2
reducirá,1
8,5
principales,11
mortandad,1
higiene,1
4,11
finalice,1
llegará,1
11,5
incluyen,2
380,1
extendido,4
aprovechando,1
máximo,9
complementándola,1
brigadas,3
móviles,4
enfermeras,6
ningún,14
tan,14
noble,1
persona,12
25,7
centavos,6
dedicados,3
27,7
estudiantes,9
90,8
asiste,2
sabiduría,2
obligatorias,1
asistan,3
completar,3
reciban,5
cursado,3
ingresan,3
conocimientos,2
adquieren,2
escuela,21
cobran,1
80,3
alumnos,13
terminen,2
1992,3
72,2
lograban,1
concluirla,1
reflejarse,2
niñas,8
estudian,1
lectivo,1
acaba,1
cursando,2
obligatorio,2
telesecundaria,3
opera,3
dedicando,4
demostrado,1
puntual,1
íntegramente,4
maestro,1
alumno,1
gratuito,1
editado,2
123,3
distribuidos,3
generaciones,9
llega,4
muchísimos,7
llegue,5
procurando,4
faciliten,2
aprovechamiento,4
expandido,1
diseñados,2
reprobación,2
básicas,2
indígena,3
56,4
pudieron,1
asistir,5
editando,2
didáctico,2
44,2
lenguas,2
perseverar,6
educativas,2
lleguen,1
mayo,2
establecieron,2
184,1
colaboración,10
autoridades,11
mínimo,3
adultos,3
cursos,3
alfabetización,2
comenzando,3
adecuados,2
haciendo,8
2,20
zona,2
metropolitana,1
redoblar,5
conciliar,2
especialidad,1
gastará,1
trata,12
vale,3
pena,4
magnífica,1
humanos,12
modo,15
difíciles,6
científico,1
tecnológico,3
becas,17
estudios,9
posgrado,6
creatividad,1
artística,3
abre,3
contribuye,1
competencias,5
útiles,5
contexto,1
profundo,9
estructural,5
doce,8
otorgado,5
930,1
iniciando,1
certificar,1
estimulen,2
movilidad,2
mexicanas,13
merecen,7
viviendas,2
espacios,3
convocamos,1
alianza,6
oferta,2
otorgar,3
descuentos,1
complementa,1
urbana,1
mención,1
merece,4
provisión,2
potable,7
extenderá,2
requerida,1
servicio,10
eléctrico,1
cubre,2
electrificación,1
incorporaron,1
poblados,2
540,2
colonias,3
populares,3
624,1
dotación,4
ambiente,7
limpio,3
preserve,2
aproveche,1
racionalmente,2
naturales,6
proteja,1
ecológico,1
dirigida,2
pues,16
romper,1
círculo,4
vicioso,4
desnutrición,2
carencia,3
enfoque,4
articularemos,1
realizan,5
separadamente,1
próximas,1
pondrá,2
piloto,2
integrará,1
marginalidad,2
centra,1
recibirán,2
adquisición,3
alimentos,2
ligándolo,1
asistencia,6
centro,3
recibirá,2
incluye,4
madre,1
sanitaria,1
nutricional,2
embarazo,1
lactancia,2
comprenderá,2
obtener,4
asegurar,10
satisfactorios,2
evaluación,3
paulatinamente,3
lleguemos,1
2000,27
cubriendo,4
simultáneamente,2
impulsando,5
operan,2
650,1
diarios,8
cifra,3
supera,3
distribuía,1
doble,4
entregaba,1
745,1
cursan,1
popular,8
30,9
apoya,3
bajos,3
poner,2
utilizan,4
intensiva,1
creado,3
habitan,2
justas,12
perfeccionado,1
hacerlos,2
reglas,7
sacrifican,1
recuperarse,2
agropecuario,6
capitalización,6
carteras,3
vencidas,2
reactivar,1
otorgamiento,1
agropecuarias,2
pesqueras,1
consecutivo,4
padeció,1
severa,3
afectada,2
aplicaron,1
emergentes,3
suministro,3
forrajes,1
cubierto,1
once,1
dañados,1
destina,1
equivale,3
18,3
formas,8
establecidas,1
quedará,2
concluido,3
agrario,2
avanzando,12
tipos,1
mostrar,1
habremos,5
correspondan,3
acumulados,3
siglos,3
histórico,6
moral,3
propias,5
respetuosa,8
consulta,3
ratificó,1
corresponda,1
logre,2
presentar,3
elaborada,1
explicite,1
bilingüe,1
pluricultural,1
reconozca,2
representación,7
incorporarlas,1
municipal,3
reafirme,1
les,12
tomarán,1
lengua,2
usos,2
costumbres,1
reconocidas,2
plural,9
cabalmente,3
debatir,2
aprobar,2
sirvan,3
dilaciones,2
seguirá,12
abandono,2
provocaron,2
genuina,4
dialogar,1
retroceder,1
encerrarnos,1
discrepancias,1
irreductibles,1
expresar,5
decisiva,3
tengamos,6
aplique,1
sirva,6
incline,1
dinero,5
haya,26
privilegios,1
excepciones,2
toleren,1
abusos,3
significa,15
construye,1
consolida,1
actitudes,4
hagan,3
auténtico,3
podamos,2
juicios,1
atenderán,1
sencillas,1
den,3
simplificar,1
agilizar,1
transacciones,3
cotidianamente,2
civiles,2
mercantiles,1
comienzo,2
modernización,4
facilite,1
castigar,8
amenazan,1
indignarse,2
laxa,1
desconfiar,1
solapan,1
alientan,2
reincidencia,2
desagraviar,1
víctimas,5
frustran,1
dejan,2
indefensas,1
legislación,3
penal,1
sorprendidos,1
cometer,2
delito,5
preparan,1
cometerlo,1
castigará,1
mucha,1
cometen,4
secuestros,1
homicidios,2
asaltos,1
frecuentes,4
robo,1
preocuparse,1
irritarse,1
violarla,1
resolveremos,1
convertirlas,1
modernas,1
respetuosas,1
profesionales,1
especializadas,2
ambas,9
acordado,1
intercambio,2
prevenir,8
articular,5
compartimos,4
velar,2
cumplida,2
compartamos,1
adecuadas,5
sustentar,4
presupuestalmente,1
integralmente,2
corporaciones,3
policiacas,2
ganen,1
actuando,2
decencia,1
limpieza,2
reconocidos,1
atropellar,2
extorsionar,1
servir,13
honesto,4
precisado,1
reformar,3
eficazmente,6
enviado,2
reglamentaria,3
examinada,1
organizadas,3
dedican,3
violenta,1
destructiva,1
corruptora,1
suficientemente,3
protegido,1
daña,1
cobra,1
lamentables,2
combatimos,2
tregua,1
traficantes,1
estupefacientes,2
precursores,1
químicos,1
lavado,3
promoviendo,1
alentando,2
afectados,1
dan,5
eslabones,1
delictiva,1
tráfico,3
drogas,4
insistiremos,1
mirar,1
equipando,1
capacitando,1
arriesgan,2
erradicación,1
plantíos,1
aseguramiento,1
destrucción,1
cargamentos,1
droga,1
detención,1
jefes,3
narcotraficantes,2
decenas,3
cómplices,1
sujetos,1
objetivamente,1
bastante,1
logrando,4
disponemos,1
conseguido,3
abundantes,1
resueltos,2
salvaguardar,2
ceñirse,2
búsqueda,2
conmocionado,1
posición,1
invariable,4
atento,2
cargo,10
actúe,1
ajenos,3
entrar,2
primacía,2
absolutamente,5
contribuyamos,1
enraizar,1
procuran,1
observar,1
prefieren,1
ignorarlas,1
buscando,2
provecho,1
indebido,1
incumplimiento,2
convencer,1
unas,1
violación,2
beneficiarlos,1
acostumbremos,1
respeta,4
demás,12
gana,2
tomará,1
precisamente,8
inculcarla,1
practicarla,2
relaciones,10
servidores,8
abuso,4
desviación,1
indignan,1
castigo,5
ejemplar,2
función,7
lastima,1
honorabilidad,1
honrados,1
coadyuvar,1
honesta,2
infracciones,1
ofrecí,1
noviembre,4
contaría,1
examinen,1
enriquezcan,1
dictaminen,1
contribuya,1
desterrar,4
internos,3
contraloría,2
quejas,2
denuncias,5
desviaciones,2
provocados,1
burocratismo,1
imprecisión,1
existido,1
probatorios,2
procedido,5
demuestra,2
sanciones,5
administrativas,3
monto,7
235,1
570,1
penales,5
conductas,3
presuntamente,2
delictivas,1
inalterable,3
desplantes,1
publicitarios,1
ejercer,7
expresamente,1
confieren,1
legítimamente,1
autoritario,2
beneficie,2
ajenas,1
invada,1
resuelve,1
conflictos,9
perfecciona,1
abierta,4
parlamentarios,4
atienda,4
profundamente,4
funcionarios,15
instrucciones,2
requerimientos,3
someter,1
anticipación,2
necesarios,7
apreciará,1
verdaderamente,3
pesada,1
herencia,1
centralista,1
compensación,1
acredita,1
autorizó,1
participaciones,1
liberando,1
reservadas,1
transferido,3
ejercidos,5
aumentos,1
sustanciales,1
dichos,1
fórmula,1
da,7
preferencia,2
necesitados,3
señaladas,1
decide,1
cómo,5
suscrito,1
unos,9
acude,1
médica,4
hospital,2
buen,5
trato,2
calidez,1
ésa,2
acercar,1
gente,30
instalaciones,3
equipo,6
103,1
médico,5
limita,3
meramente,1
administrativo,3
marca,2
construiremos,1
ágiles,1
sensibles,2
fortalecerá,1
clínica,1
poblado,1
ciudad,1
pronto,19
renglones,2
manejados,1
confirma,1
presidentes,2
asumiendo,1
identifiquemos,1
representativa,1
fortaleza,7
múltiples,2
traducirlas,1
contender,2
vínculo,2
excelencia,2
electores,2
nutre,2
libres,3
transparentes,2
aspiración,2
justamente,3
recién,2
cumplimos,1
definitivo,1
dejar,4
compleja,3
alcanzada,2
mérito,3
sincero,3
honrado,1
respondido,2
afiliarse,1
injerencia,3
consejeros,1
consejo,1
designados,1
voto,11
cámara,14
diputados,24
regulan,1
constitucionalmente,2
fijación,1
gastos,1
campañas,6
queda,2
fortalecida,2
deberán,3
sujetarse,4
mismos,4
facultada,1
intervendrá,1
integración,4
tribunal,4
incorpora,1
agotadas,1
jurisdiccionales,1
revisadas,1
pertinaz,1
elegir,1
inicié,1
comprometí,1
terminara,1
restricción,1
concentración,1
identifico,2
anhelo,2
habitantes,4
jefe,4
elegido,2
directo,2
secreto,2
demarcaciones,1
prerrogativa,1
decidir,1
quién,3
gobierna,2
delegación,1
atribución,1
asamblea,2
designación,1
capitalino,1
demos,2
faltan,1
reglamentarias,1
resueltamente,1
celebremos,1
prácticas,5
institucionales,1
ciudadanas,3
obedecen,1
convoco,8
participar,8
organizar,3
calificar,1
sumemos,2
celebrar,2
tranquilas,1
fortalezcan,2
sumando,4
comprueba,2
vitalidad,2
unirnos,3
preparadas,1
justificarse,1
aceptamos,3
superando,2
adversidades,1
aparezcan,2
terrorismo,4
asesinar,1
destruir,1
atemorizar,1
admitimos,1
surjan,1
intentonas,1
cruentas,1
caducas,1
pretenden,3
cerrar,1
imponer,2
intolerante,2
disputa,2
irracionalidad,1
posturas,1
ambiguas,1
repudio,1
recurren,1
buscan,1
provocar,2
represión,2
terceros,1
inocentes,2
según,3
proporcione,2
reducir,4
aislamiento,2
justificar,1
caerá,1
provocación,1
perseguiremos,1
terrorista,1
apegados,1
individuales,5
seguirán,2
impedir,1
amenace,1
dañe,1
evitaremos,1
signifique,1
unido,2
aspiramos,2
defender,6
nacionalidad,6
dedicado,6
desplegado,2
sólidos,1
precisos,3
mundo,19
sostuve,3
47,1
reuniones,5
37,2
suscribieron,2
convenios,1
reconocemos,2
norteamérica,3
encontrado,1
amistad,5
encauzar,2
naturalmente,4
surgen,2
vecindad,1
intercambios,4
120,3
cruces,2
frontera,2
amplitud,1
bilateral,3
refleja,4
existencia,2
trabajan,7
migratorios,2
ecológica,1
científica,3
norteamericanos,1
lesionar,1
migrantes,3
reclamará,1
connacionales,2
fechas,1
contraviene,1
extraterritoriales,2
acudido,1
acudiendo,2
foros,3
previstos,1
américa,6
norte,2
intensas,3
norteamericano,1
sometida,1
suscrita,1
defenderse,1
diversificación,5
canadá,1
multiplicando,1
estrechando,1
lazos,4
asociación,5
estratégica,1
brinde,3
caribe,1
promovimos,2
puesta,2
región,3
hemisferio,1
naciones,13
hermanas,2
centroamérica,2
impulsamos,2
identificación,1
históricas,3
culturales,3
latina,3
vinculación,2
alentados,1
principio,9
latinoamericanas,1
dinámicas,1
provechosas,1
continente,1
europa,2
próximamente,3
europea,4
abrir,2
estrechar,1
pacífico,3
asiático,2
fortalecemos,1
vínculos,2
ganado,3
ofrecemos,1
esperamos,2
enfrenta,2
superarlos,1
fortalezas,2
lograrlo,6
reafirmemos,1
alentaron,2
inspiraron,1
liberal,3
revolución,6
plasmaron,1
injusticias,2
hombre,5
mujer,7
joven,3
adulto,2
construyamos,2
cumplidas,2
aplicadas,2
limpias,1
capaz,4
necesitamos,10
distribuir,3
equitativamente,1
niño,3
niña,2
habite,1
buenos,13
bienes,3
confiemos,1
sepan,1
ganarse,1
generoso,2
manos,2
exigirá,3
perseverancia,5
creyendo,1
iniciemos,1
confiando,1
destino,5
orgullo,2
diputado,4
héctor,2
hugo,1
olivares,1
ventura,1
asistimos,1
convocados,1
contenido,5
recibido,7
rinde,2
establecido,6
exposición,1
usted,10
señor,11
capítulos,1
sobresalientes,1
senadores,14
procederemos,1
glosa,2
documentos,2
sustentan,2
ése,1
ameritan,2
singulares,1
responsable,9
confrontarse,1
perspectivas,3
puntos,2
vista,3
conferido,2
enriquecido,1
comparecencia,1
producirá,1
observaciones,1
aportaciones,2
participando,2
perfeccionamiento,1
reclaman,2
circunstancia,4
contribuimos,1
concurrencia,3
torno,1
comunes,2
prioritarios,1
entonar,3
himno,5
horas,1
levanta,1
sesión,4
notas,1
siglas,1
abreviaturas,1
incluidas,2
edición,1
ezln,1
ejército,4
zapatista,1
liberación,1
intemo,1
pri,1
revolucionario,1
pronasol,1
diario,3
debates,4
oficial,1
artemio,1
meixueiro,1
director,3
crónica,1
parlamentaria,1
antuñano,1
norberto,1
reyes,1
directora,1
registro,1
parlamentario,1
maría,2
angeles,1
durán,1
subdirectora,2
informática,1
luz,1
pineda,1
subdirector,3
archivo,1
contemporáneo,2
sergio,1
becerril,1
raúl,1
luna,1
administrativa,1
silvia,1
zárate,1
archivos,1
josé,2
joaquín,1
saivador,1
zamora,1
departamento,2
editorial,1
oscar,1
orozco,1
impreso,1
talleres,1
gráficos,1
antonio,1
rodríguez,1
oficinas,1
dirección,1
palacio,1
avenida,1
edificio,1
g,1
2o,1
piso,1
15969,1
teléfono,1
exts,1
1367,1
4223,1
4219,1
clase,1
correos,1
1921,1
honor,6
quincuagesimaséptima,1
legislatura,17
saludar,1
manifiesto,1
disposición,5
enmarcada,1
deseo,3
delicada,2
cumplido,6
ordena,4
presentando,1
permítaseme,1
valiosísima,1
señalada,3
recapitulación,2
pueblo,20
velando,1
enteramente,2
mantendremos,1
madura,1
útil,5
siguiente,2
afianzar,5
lograda,1
culminó,1
1º,2
dejaran,1
satisfechos,3
realización,5
indistintamente,1
conseguir,3
acordó,1
exitosamente,2
resolvió,1
pendientes,3
computar,1
validar,1
cientos,3
cívica,2
generosamente,1
interviene,1
ocurrir,2
resueltas,1
totalmente,5
contaran,1
tuvieran,2
equitativo,3
electrónicos,3
palabras,7
sentaron,1
fuesen,2
elegimos,1
hice,3
surge,1
confiado,1
asuma,1
practicando,2
ética,7
comprenda,2
defensa,6
tolerancia,15
mesura,3
enfrentamiento,2
encono,1
privilegie,1
protagonista,1
trascendente,1
sé,6
prevalecerá,1
regir,2
recibe,3
vamos,2
necesitar,1
aguardan,2
realizadas,2
armonía,2
independientemente,6
surgido,1
mantendrá,2
constante,3
supremo,6
preservarla,2
ejercemos,1
practica,2
autodeterminación,1
pueblos,3
aliados,1
vecinos,1
insistido,2
límite,4
gobernamos,1
rechazado,1
denunciado,1
combatido,2
extranjeras,1
contravienen,1
exigido,4
estén,2
basados,1
jurisdicción,1
territorial,1
recriminación,1
estéril,1
promoción,4
64,2
tratados,2
fraternales,1
latinoamericana,1
socio,3
finalizado,1
complejo,2
negociar,1
empezará,1
empiezan,2
traducirse,2
indiscutible,2
agravie,1
pasar,1
desapercibida,1
aceptable,1
mutuo,1
rijan,1
compatriotas,4
utilizando,2
diplomáticos,1
quiera,4
encuentren,1
insistiendo,1
rasgos,1
selectivos,1
unilaterales,1
sabemos,18
orgullosos,3
recientemente,5
adquirir,3
hacerlo,10
verse,1
obligado,2
renunciar,1
previa,1
correspondiente,1
condición,11
imperio,2
desapego,1
preocupación,3
persiste,2
penetrado,1
hogares,5
reunión,2
siente,2
impotente,1
percibe,2
ineficiente,1
combatirla,1
temiendo,1
comete,1
perseguirlo,1
encubren,1
toleran,1
sentimiento,2
provocando,1
estimulando,1
intención,1
hacerse,4
permanecido,1
promovió,3
coordinado,1
tuve,1
incuestionablemente,1
indiscutiblemente,2
animaron,1
dificultaban,1
debilitaban,1
modificado,1
detectar,2
coordinar,2
mandatorio,1
óptimos,1
actuación,1
regirá,1
profesionalismo,4
honradez,3
propuso,3
obtuvo,2
905,1
recomendación,1
empezado,2
inaplazable,2
apresurar,1
urgente,2
trabajen,2
ahínco,5
estrecha,1
necesarísima,1
comprometamos,3
acelerar,1
estándares,1
intercambiemos,1
opiniones,2
haré,1
comprometernos,2
comiencen,1
gane,1
castigados,4
decisivas,1
realizar,7
apremian,1
bajaremos,1
brazos,3
causa,11
sufrimiento,1
pacíficas,1
laboriosas,1
intentos,1
socavar,1
llegado,2
ofensa,2
cederemos,1
ápice,1
redoblaremos,1
lograremos,6
intensificar,1
dudado,1
armadas,11
afirmado,2
convocado,1
propicio,2
incurran,1
afirmación,2
inexacta,1
participado,1
transparentar,3
acrecentar,2
presunción,1
involucramiento,2
pertenecientes,1
evidencia,1
data,1
aumenta,1
efectividad,1
probable,2
fallen,1
misión,1
cometan,1
identificados,1
investigados,1
comandante,2
probada,1
hondo,2
raigambre,1
empañadas,1
reprobables,1
malos,3
conoce,1
aprecia,1
conducta,6
intachable,1
quieren,8
aprovechados,1
actúen,3
disponen,3
fecha,3
violaron,1
086,1
435,1
sustentado,1
honestos,3
cumplen,3
exigir,1
exista,2
desvío,1
democráticas,3
enraizada,1
luchas,8
consagrados,1
tutelar,2
individuo,2
recibir,7
disfrutar,1
decorosa,1
participe,1
digno,3
socialmente,1
riqueza,3
compensatoria,1
expresión,4
fomentar,2
representan,5
pese,6
insuficiencia,1
acelerado,1
fallas,3
subsisten,2
solucionar,2
fortalecido,3
vertientes,1
sacrificando,1
porcentaje,1
9,10
1987,2
1977,2
capítulo,1
43,1
dedica,3
llave,1
vayan,2
completen,1
ciclos,2
aumente,1
constantemente,1
enseñanza,4
integrados,1
seiscientos,1
iniciará,1
estemos,5
comenzó,4
83,2
ingresaban,1
crecido,4
89,1
211,1
93,2
14,6
primarias,2
96,2
deserción,2
concluyó,2
representó,1
empezaron,1
74,2
87,2
terminaron,1
71,1
78,3
edad,6
finalizar,1
sexenio,19
completando,1
puntualmente,2
llegan,1
125,2
considerar,1
reparten,1
técnicas,3
telesecundarias,2
docentes,2
143,2
314,1
existían,3
equipados,2
biblioteca,1
docente,2
dificultades,5
mantenido,5
revaloración,1
televisión,2
transmite,1
producciones,1
científicas,2
recepción,1
transmisiones,1
instalado,2
equipos,3
estarán,3
alentadores,3
ambicioso,2
reside,2
marginación,3
desventajas,2
beneficiarse,1
pudiendo,1
estudiar,4
fomentan,1
padres,9
asistiendo,2
bilingües,1
130,1
19,2
variantes,1
permanecer,2
800,5
anuales,1
repartiendo,1
llegaremos,2
final,4
desayuno,1
asisten,1
hayamos,4
carecer,1
disponer,1
dotando,1
pioneros,1
horizontes,2
satisfactorio,3
raíz,2
anunció,1
él,4
aspiran,1
bachillerato,2
alguna,6
modalidad,2
va,6
matrícula,10
750,1
creo,12
decididamente,2
estratégico,2
universidades,6
investigación,6
inscritos,2
licenciatura,1
350,2
580,1
ámbito,7
contaba,4
7,8
tecnológicas,4
24,3
institutos,3
tecnológicos,5
funcionado,1
especialización,2
traduce,1
66,1
108,1
decididos,2
sostener,2
duplicado,3
otorgando,2
representa,7
incremento,4
otorgaban,1
resuelto,2
conocimiento,2
innovación,1
oportuno,1
ciencia,3
superará,1
compuesta,1
5,16
bibliotecas,3
títulos,4
encargadas,2
aprecio,3
afianzado,1
apoyado,8
artistas,1
escritores,1
artesanos,1
intérpretes,1
creativa,1
proyección,2
desarrollar,1
renglón,1
basada,1
demográficos,1
fallecimientos,1
idea,4
empieza,3
casa,8
afianza,1
curación,2
concentraba,1
salvo,1
enfermería,1
supuesto,2
operar,1
aquilatar,1
recordemos,1
quedado,6
trunca,1
estuvo,2
detenida,1
contando,3
federalizado,1
cuentan,8
hábil,1
755,1
hospitalizan,1
enfermos,1
intervenciones,2
quirúrgicas,1
hospitalizaciones,1
comparación,2
estimamos,1
aproximadamente,2
10,19
aislados,1
propusimos,7
llevarles,1
protegidos,1
cubren,1
localidades,4
dedicación,3
esquema,2
infecciones,1
respiratorias,1
diarréicas,1
cólera,1
900,1
paludismo,1
reportan,1
muertes,2
sarampión,2
erradicado,1
poliomielitis,2
arbitraje,2
mostrando,1
mecanismo,2
pacientes,1
resolviendo,2
84,2
asesoría,1
estimulará,1
emprendió,1
moderno,2
sí,13
solidario,2
derechohabientes,2
indudable,2
institución,4
amplía,1
prestaciones,3
modernizar,1
sustituir,2
obsoleto,1
resolverá,1
maternidad,2
aportado,1
antigua,1
afiliación,1
permitirán,1
asalariada,1
duplicando,1
sólida,4
sustentabilidad,1
vincula,1
beneficios,5
reflejará,1
saldos,1
apoyará,2
invalidez,1
cesantía,1
cuotas,2
disminuyen,1
ganan,1
salario,3
pagan,2
rubros,3
desgrava,1
nómina,2
reformando,1
mirando,1
sufren,3
empezando,5
elaboró,2
censo,1
permitió,1
identificarlos,1
ubicarlos,1
promulgado,1
padecen,1
integrado,2
regular,2
312,1
construyó,1
paraolímpico,1
especializados,1
patronatos,1
redoblando,1
calle,1
repatriados,1
alojamiento,1
dice,5
olvida,1
juventud,2
distribuida,1
confluyen,1
articuladamente,1
perciban,1
componente,2
ventas,1
maíz,2
generalizado,2
beneficia,1
calcula,1
suman,3
265,1
hogar,3
lejos,6
canalizan,1
otorgarán,2
280,1
pagar,3
46,1
766,1
apoyando,6
extensión,1
97,2
recibiendo,5
cuarta,1
encuentran,2
produce,1
alimenticios,1
consumimos,1
aplica,3
resolverlos,4
realmente,7
ejerzan,1
sustente,1
propiedades,1
tenencia,1
ejido,1
ejidos,7
pilares,1
rige,1
únicamente,3
218,1
certificados,2
colectivos,1
culminar,1
certificación,3
decidan,3
término,2
520,2
procampo,4
subsidiar,1
forestal,4
canalizando,1
590,1
mecanización,1
equipamiento,1
tecnificado,1
sanidad,1
animal,1
vegetal,1
740,1
34,1
850,2
indudablemente,4
alcanzó,8
cosecha,1
granos,2
toneladas,1
pasó,2
negativa,2
registrar,2
243,1
grupo,7
formado,2
heredado,1
aliento,2
pequeña,2
luchan,1
librarse,1
insalubridad,1
ignorancia,1
atrapados,1
corrijan,1
atrasos,1
alejados,1
protagonismo,1
paternalismo,1
clientelismo,1
minuciosos,1
correcta,1
concepción,1
progresa,19
unirá,1
converjan,1
núcleo,1
apoyándose,1
entregará,2
ayuda,4
necesitadas,1
darán,1
estudien,2
dejen,2
aplicará,1
160,2
escala,1
modesta,1
irá,1
afiance,1
reasignar,1
consiguiendo,1
consistiendo,1
transferir,1
reconociendo,2
estatal,1
apreciablemente,2
descentralizados,2
tercio,2
descentralizado,2
65,1
destinados,6
basado,1
prósperos,1
enriquezca,1
amparada,1
apoyada,2
previene,3
atinadamente,1
párrafo,1
ordenamientos,3
individuos,5
conjunción,1
obtenerse,1
duraderamente,1
ofrecer,3
incorporan,1
reduciendo,2
subempleo,1
sucesivo,1
ritmo,1
genera,1
tardado,1
satisfactoriamente,5
brindar,1
remedio,1
cuestan,1
generarse,1
confirió,4
intermedio,1
alcanzando,2
trazadas,1
evitó,2
causara,1
quiebra,14
consecuente,1
tomaron,2
impopulares,2
impusiera,1
doloroso,3
vivió,3
previó,1
conocer,3
subrayé,1
sentirnos,2
pudo,1
reafirmado,1
recordar,3
quincena,1
335,1
ubicó,1
evidente,3
tendremos,4
recorrer,4
grandísimo,1
trecho,3
aliciente,1
desestimará,1
contrario,1
soy,2
incansablemente,1
gubernamentales,2
perdurables,1
distante,2
hacérsele,1
espejismos,3
fácil,2
desvanecerse,1
sobrevenido,1
desánimo,1
aceptan,1
medias,1
saben,1
preparados,3
comparto,3
actitud,2
anhelos,1
bastan,1
hicimos,1
llamar,1
relajar,1
convoque,1
sostenerlo,1
consiguiéndolo,1
lleno,1
aflojar,1
redoblemos,1
gradual,4
mantengamos,1
descuidemos,1
promovamos,1
sigamos,2
continuemos,1
reorientando,1
invertir,2
duradero,4
procurarlas,1
dogma,1
capricho,1
dificultad,1
resulta,5
crítica,5
invierte,1
depender,1
imprudentemente,1
pregunta,1
piense,1
macroeconomía,1
debiera,3
inmediatamente,1
sensible,2
mejoría,5
sinceridad,2
objetividad,2
admitirse,1
alcanzarlo,2
anualmente,1
progresivo,1
paulatino,1
proyectado,1
sostenida,2
tomaría,1
quisiéramos,2
acortar,2
intermedia,1
punto,1
porcentual,1
grande,7
tamaño,5
distraer,1
sumarnos,1
humildad,3
insistencia,1
examinar,1
detalles,1
específicos,1
particularidades,1
correctas,1
respetarse,1
conducirán,1
espejismo,1
afecte,1
negativamente,2
sana,4
impedirá,1
mínimas,1
ocasionará,1
retroceso,1
visión,7
sabiendo,1
conferirán,1
cosechados,1
prosperidad,5
provenido,1
frecuente,2
avanzan,2
rápidamente,2
asuman,1
respeten,1
cuiden,1
signo,1
ideológico,1
campos,3
sería,2
aprovechémoslos,1
hagámoslo,2
juntos,5
representadas,1
paciencia,1
giro,1
nutrido,1
ideales,3
nobles,1
animado,1
ganadas,1
corresponder,1
abuelos,3
quedaron,1
cortos,1
fallar,2
aprovechémosla,1
anhelamos,1
merecemos,1
unamos,1
orgulloso,2
soberano,1
porfirio,1
muñoz,1
ledo,1
conciudadanos,2
encarna,1
sueños,1
simboliza,1
condensación,1
desembocan,1
toman,3
perseverantes,1
fastos,1
excesos,2
reafirma,1
emancipador,1
instauración,1
recordado,1
juárez,1
afirmaba,1
conciencia,7
afrontar,4
querido,1
imponerme,1
complicidad,1
traído,1
importar,2
orígenes,1
representamos,1
ende,1
encargo,1
empeñarnos,1
racionalidad,2
normen,1
conocido,2
deliberaciones,2
reflejar,1
fielmente,1
sentimientos,2
seamos,2
caracterizarse,1
responsablemente,2
regirse,1
esfera,1
subordinado,1
garantes,1
lvii,2
depositaria,1
mayoritariamente,1
proseguir,2
titubeos,1
ruta,2
transición,2
aboliendo,1
reductos,1
restablecimiento,3
enmendar,1
dondequiera,1
rebasado,1
silenciosa,1
alimentada,1
abismal,1
desigualdad,4
inadmisible,2
desahogar,1
convenido,1
robustecer,1
referendum,1
plebiscito,1
democratizar,1
restituir,1
espacio,4
normar,1
civilizada,1
reconstrucción,3
fundarse,1
rectitud,2
vigilancia,1
procedencia,1
incurrido,1
votó,1
mediana,1
industrias,1
rescate,2
decidida,1
modificación,1
enderezar,1
rumbo,3
podríamos,2
permitir,3
siguiera,1
empequeñeciendo,1
horizonte,2
cumpliremos,2
urnas,3
racional,1
convocaremos,1
actores,2
foro,1
propondremos,1
inteligente,1
mutuamente,1
trascienda,1
dogmas,1
contingencias,2
obsecación,1
contraria,1
nociva,1
flexibilidad,2
imaginación,1
acatamiento,1
veredicto,1
gobernar,1
escuchar,3
rectificar,1
mandar,1
obedeciendo,2
mutación,1
súbdito,1
evocar,1
albores,1
parlamentarismo,1
monarca,1
exigirle,1
somos,6
vos,2
descansa,2
convierta,1
heredemos,1
remontemos,1
comarcas,1
intolerancia,1
mostremos,1
capaces,2
fraternidad,1
arma,1
patria,5
analizaremos,1
cuidadosamente,2
cierto,6
agradecería,1
sirviera,1
compartir,1
próxima,2
convengamos,1
suceda,1
solicita,1
mensaje,5
resume,1
sustituye,1
considerado,1
alcanzado,5
activamente,1
sola,3
siquiera,1
costado,1
largas,1
costar,1
cuidar,4
trae,1
consigo,1
pautas,2
cosas,2
acostumbrarnos,1
nutren,1
intenso,3
acalorado,1
objeciones,1
contrapropuestas,1
opinión,5
tarde,2
aceptarán,1
funciona,1
rechazamos,3
soslaya,1
coarta,1
suprime,1
reprime,1
impone,1
actúa,1
luchado,2
sujete,1
excluir,1
inclusive,1
ponemos,1
minorías,1
practicada,2
guardemos,1
actuemos,2
civilidad,2
participemos,1
constructivamente,1
cuidadoso,1
ocupados,1
indebidamente,2
excesivo,1
presido,2
realizaron,1
159,1
comparecencias,2
762,1
comparecido,1
720,1
contaduría,1
hacienda,1
complementarias,1
conducto,2
secretario,1
gobernación,1
mesa,3
método,1
asidua,1
franca,1
entendido,1
ordenado,1
armónico,1
incumben,1
concertar,1
cumplirlos,1
resolverse,2
recuerdan,1
divergencias,2
pasajeros,2
discordia,1
guerras,1
vencedores,2
vencidos,1
delicado,1
agravio,1
fe,3
buenas,4
lastiman,1
pacientemente,1
apoyen,1
forman,1
practicarlos,1
informarse,2
reafirmar,1
acceder,3
renovar,1
635,1
comprobando,1
respetada,2
sentimos,1
tutela,1
negocia,1
negociará,1
jamás,2
debido,6
encarar,1
migración,1
constructivos,1
extraordinaria,1
firmamos,1
negociarse,1
extenso,1
asiática,1
japón,1
une,1
centenaria,1
multiplicado,1
contactos,1
captado,1
unidas,1
mundial,2
concretó,1
definiera,1
soberanías,1
luchar,3
radican,1
refrendado,1
consular,2
estadounidenses,1
consonancia,1
ético,2
migrante,2
otorgará,1
defensoría,1
gratuita,2
entrado,1
permiten,2
diversa,1
adquirieron,1
declaraciones,1
otorga,4
género,1
credo,1
acatar,1
sancionados,1
violar,1
padre,2
indignación,2
gravísima,1
ama,1
roben,1
empresario,1
arranquen,1
despojen,1
vivan,1
miedo,1
salen,1
empleado,1
estudiante,1
teman,1
taxi,1
subirse,1
autobús,1
enteras,1
queden,3
lastimadas,1
vivido,1
dolor,2
muerte,2
injusta,1
angustia,2
secuestro,2
policías,5
agentes,4
investigar,1
crueles,1
peligrosos,1
admitir,2
fallado,2
permisivas,2
imprevisión,1
propician,1
actualmente,2
fuero,3
perseguidos,3
denunciaron,1
denunciados,1
expidieron,1
150,1
aprehensión,1
85,4
presentadas,4
logran,1
burlar,1
suyas,1
fracasar,1
exigiendo,2
prontos,1
pretextos,1
toca,1
códigos,2
consisten,1
evadir,2
concluirá,1
viole,1
sepa,2
acabar,2
cárcel,1
trate,1
huir,1
corresponderá,2
severas,4
acumulen,2
peligrosidad,1
supriman,1
preparatoria,1
parcial,3
privilegien,1
costa,5
protejan,1
disuadir,1
castigos,1
severos,2
inciden,1
acompañada,1
impusieron,2
665,1
959,1
418,1
cometieron,1
irregularidades,2
debidos,1
presentaron,1
375,1
respaldará,1
ayude,1
basta,3
castiguen,1
delinquen,1
comprometidos,1
juiciosamente,1
invertidos,2
aplicados,1
cruzada,4
convocó,2
damos,1
ordenada,2
dinámica,2
expreso,2
sumarse,1
concretas,1
invirtiendo,3
policía,5
depurados,1
capacitados,1
carrera,1
probar,1
modernos,2
requieren,4
pondrán,1
sistemáticos,1
comprobables,1
convocatoria,1
constancia,2
clima,5
consigue,1
decreto,1
vence,1
intenciones,1
provechosa,1
agrónomos,1
60,4
1990,2
promedió,4
48,2
gasta,3
gastando,3
51,1
ejercen,1
algo,2
estimulante,1
giras,1
semanalmente,1
realizo,1
testimonio,1
alcaldes,1
surgidos,1
significando,1
aprobó,1
transfiere,1
transferidos,3
cubrirán,1
cercano,1
contaban,1
logra,1
provocaban,1
muchísimas,2
81,2
dosis,1
vacunas,3
erradiquemos,1
eliminemos,1
difteria,1
virtualmente,1
desaparezca,1
fortuna,3
valoración,1
cartilla,1
distribuyeron,3
ejemplares,4
redoblará,1
intrafamiliar,2
fenómeno,1
desgracia,1
legisladoras,1
deporte,1
310,1
rehabilitación,3
modernizado,1
28,2
escalón,1
futura,2
hondamente,1
apreciado,1
administradora,1
asalariados,1
hospitalización,1
jornaleros,2
precarias,1
incorporando,1
elevando,1
pasada,2
clases,1
210,1
ancho,1
ingresaron,2
terminaban,1
completan,1
concluyen,2
entran,2
ingresó,1
fuese,2
obligatoria,1
estudiarla,1
sumamente,4
atendía,1
618,1
890,1
creciendo,5
satélite,1
edusat,1
cantidades,1
editaron,1
entregaron,1
maestras,1
insustituible,1
educar,1
progresivamente,3
327,1
aulas,1
darles,1
distribuirán,1
anuncié,1
promueve,2
ayudando,1
vuelvan,1
becados,1
incrementándose,1
32,3
estudiando,3
diferentes,2
35,1
colegios,2
bachilleres,1
científicos,1
conalep,1
capacitará,1
colegio,1
36,4
construyeron,1
153,1
profesorado,2
profesores,1
restricciones,4
conacyt,1
administrando,1
ciencias,1
humanidades,1
investigadores,2
creadores,1
artísticos,1
formativo,1
ensanchando,1
crítico,1
identifican,1
dirige,1
integrar,2
consagra,1
incorporado,2
ejidales,1
solares,1
urbanos,1
procede,2
certificado,1
concluiremos,1
inscrito,1
135,1
recibieron,4
escrituras,2
fincado,1
posesionarios,1
terrenos,1
propietarios,1
hectáreas,5
título,1
agrega,1
imparte,1
volvieron,1
apoyarlos,1
capitalizar,1
tierras,4
visto,2
climáticas,3
impactaron,1
sequías,1
generaron,1
desfavorable,1
hidráulicas,1
exitoso,1
reembolsables,1
cajas,2
financian,1
nació,1
transformando,1
insumos,2
participan,3
agropecuarios,1
trigo,1
sorgo,1
competitividad,2
cadenas,1
materias,6
primas,2
alimentaria,1
subsidiadas,1
enfocado,1
precisión,2
liconsa,1
atenderá,1
cuales,2
kilos,1
tortillas,1
entregados,1
diconsa,1
instaladas,1
indicador,1
alcanzará,1
alcantarillado,2
instalada,2
procesar,1
aguas,2
residuales,2
70,7
metros,1
cúbicos,1
tratamiento,1
representando,1
decisivamente,1
contaminación,1
atmosférica,1
metropolitanas,1
pasaba,1
disposiciones,3
quedaban,1
areas,1
protegidas,1
especializado,1
enfrentamos,2
oleada,1
incendios,3
forestales,2
contrarrestar,1
restauración,1
siniestradas,1
tradicionales,1
bosques,2
selvas,2
opciones,3
seguras,1
cultivo,1
aumentará,1
deberemos,2
megawatts,1
2005,1
necesitarán,1
220,2
imprescindible,1
octubre,2
huracán,4
paulina,3
acapulco,1
costeras,1
serranas,1
oaxaca,2
enlutando,1
entristeciendo,1
unimos,1
consuelo,1
rescató,1
evacuó,1
damnificados,2
atendió,1
heridos,1
previnieron,1
restituyó,1
restableció,1
repararon,1
carreteros,1
otorgaron,1
reconstruyeron,1
dañadas,1
efectuándose,1
concluirlos,1
invertido,1
dedicada,1
emergencias,3
marina,1
auxilian,1
pagados,1
generados,1
crece,1
enfrentó,1
manifestó,2
presentó,1
estaba,2
producía,1
manifestaba,1
compensado,1
exceso,4
insostenible,1
sucedieron,1
serie,1
eventos,1
desafortunados,1
minaron,1
extranjeros,1
detuvo,2
abruptamente,3
flujo,2
financiado,2
aplicó,1
monetario,3
decía,1
tuvimos,1
denominado,1
vinculado,1
moneda,3
dichas,4
equivalía,1
acarreado,2
gravísimas,2
obtuvieron,1
financiamientos,2
compensaran,1
vencimientos,2
montos,2
contratados,1
sumó,1
negociada,1
completamente,1
liquidado,1
pactado,1
1993,1
manifestado,1
fragilidad,1
acentuó,1
tornó,1
sobrevenir,1
préstamos,1
otorgados,3
sumadas,1
pérdidas,3
causadas,1
deficiente,1
fraudulentas,2
determinaron,2
materializado,2
irreparables,1
tomó,1
dolorosa,1
funcionar,2
resto,2
ocurre,1
vender,1
producen,1
efectuar,3
importaciones,1
realiza,1
podría,1
regularmente,1
incluidos,1
paralizado,1
ocurrida,1
inevitable,1
controles,2
obstruían,1
constituían,1
resultó,4
estancamiento,1
voluntario,1
aquella,4
derrumbe,1
explican,3
porqué,1
podía,3
hubiesen,1
significativas,1
depositantes,2
padecido,2
adoptó,1
cumpliera,1
marcado,2
nerviosismo,1
precipitado,1
condujo,1
casuístico,1
selectivo,2
restablecer,1
domésticas,1
premeditado,1
cual,4
determinó,2
conformando,1
abrieron,1
pudieran,1
dispuso,1
promovieron,2
inyección,1
insolventes,1
procedió,2
intervenirlos,2
detectaron,1
iniciaron,1
183,1
116,1
altos,4
ejecutivos,2
fungieron,1
consejos,1
podían,4
asumiese,1
incentivos,1
recapitalización,1
antiguos,2
participantes,1
previsto,4
informado,2
sanear,1
implican,2
necesariamente,3
saneamiento,1
permitirse,1
bancaria,1
simplemente,1
lenta,2
medrosamente,1
reiterar,2
escoger,2
pagarlo,1
consistía,1
resultase,1
incluyendo,2
ocurriendo,3
continentes,1
retrasar,1
aplicarlas,1
titubeo,1
agrava,1
dramáticamente,2
sabíamos,1
convenir,1
extraordinarios,1
susceptibles,1
consustanciales,3
trascendentes,1
discutidos,1
lamentaré,1
lamento,1
celebro,2
inquebrantable,2
sujeto,2
encuentra,2
obedezca,1
fraudulentos,1
administradores,1
agraviado,1
defraudados,1
sufraga,1
intervenidos,1
mala,2
fraudulenta,1
lamentable,1
injusto,1
vigente,2
absurdamente,2
patrimonial,1
debilidad,1
enojo,1
frustración,1
cínicos,1
alardes,1
dolosamente,1
enmendado,1
escatimará,1
criminales,3
cuello,1
blanco,1
inaceptable,2
maquinación,1
abusen,2
sustraigan,1
indebidos,1
presunto,1
investigado,1
sancionado,2
envié,1
valiosa,3
proponen,2
competente,1
regulación,2
supervisión,2
conmovido,1
muestran,1
globalización,2
talón,1
aquiles,1
economías,5
inadecuada,1
suponer,1
intervención,1
prevengan,1
auges,1
infundados,1
colapsos,1
asociados,1
mencionadas,1
emprendidos,1
dinámicos,1
eficientes,1
capten,1
financien,1
adecuadamente,1
ensanchar,1
busca,2
favorable,3
venta,1
activos,1
racionalizar,1
ahorros,1
confiados,1
propiciaría,1
reduciría,1
eventuales,1
acotar,1
facultad,1
avales,1
conducentes,1
contingente,1
seguimos,1
mantuvo,1
alarmante,1
disparado,1
notable,2
llevó,2
sometieron,1
prudentemente,1
optimista,1
ocurría,1
influencia,1
cambiaron,1
asiáticas,1
deterioró,1
desembocado,1
negativos,1
lados,1
llamadas,1
delicadas,1
rusia,1
sorpresiva,1
adversa,1
exportación,1
barril,2
estimó,1
consideraron,1
subestimación,1
injustificada,1
hidrocarburos,1
pronunciada,1
motivando,1
perderán,1
equivalente,2
habiéndose,1
despetrolizado,1
desplome,2
crudo,1
lamentablemente,3
dependen,1
excesivamente,1
provinieron,1
petroleros,2
manifestarse,1
optó,1
optimizando,1
fiscalmente,1
deterioro,5
petrolero,2
dispusieron,1
ajustes,2
prevaleció,1
afectar,2
prueban,2
experiencias,1
habernos,1
ajustado,1
habríamos,1
pagado,1
acreditan,3
sorteado,1
meritorio,1
considera,3
petrolera,1
prevalecido,2
exportadores,1
siguió,1
económicamente,3
compara,1
favorablemente,1
registró,2
alentador,2
sugieren,1
indicadores,4
industria,1
manufacturera,1
remuneraciones,1
crecieron,1
variación,1
impactado,1
desfavorablemente,1
inferior,1
comparable,1
favorables,1
llevarnos,1
subestimar,1
advertir,1
desenvolverá,1
pronta,1
previsible,1
causados,2
padecida,1
desarrolladas,1
suceder,1
admitamos,1
planteará,1
tracemos,2
precisará,1
conducción,1
propongámonos,2
tomen,1
propicias,4
realistas,2
ambiciosos,2
pensando,2
empeño,2
cumplamos,1
carecía,1
probadas,1
bienio,2
tenga,2
demandará,2
atributos,1
probado,2
usémoslos,1
lacra,1
sexenales,2
sostengamos,1
espíritu,1
1999,6
consiga,1
resguardada,2
dejaremos,3
traumas,2
sexenal,1
aseguro,1
ejerceré,1
emprenda,1
motivadas,1
guiar,1
darle,2
edificarse,1
tenaz,1
desafíos,1
renovemos,1
tomemos,1
templemos,1
recuento,2
termina,1
realizamos,1
afianzó,1
edificamos,1
supimos,1
creían,1
remota,1
puertas,1
milenio,2
depara,1
testigos,1
xx,3
solamente,4
levantar,1
creer,2
pensar,3
hermanados,1
arturo,1
núñez,1
jiménez,1
beatriz,1
paredes,1
rangel,1
escuchado,3
mandatario,1
examinará,1
convocará,1
comparecer,1
miras,1
enalteciendo,1
entendimiento,1
abordaremos,1
iv,1
comunicaremos,1
ordinarias,1
encima,3
trabajamos,3
anteponiendo,1
quinto,3
permito,1
pretenderé,1
exponer,3
exhaustivamente,1
documento,3
leer,1
aprovecharé,2
consideraciones,1
duro,2
equitativas,1
provea,1
trabajado,6
1970,2
éramos,1
dispersos,1
atenderlos,2
incorporarlos,1
separa,2
escolaridad,2
recorre,1
ofrezca,2
dedicamos,1
ingresen,1
aprender,2
convivir,1
cursaron,1
completaron,1
260,1
770,1
detiene,1
860,1
161,1
muchísima,1
conforma,2
quiere,1
exigente,1
completado,3
planes,3
estudio,5
163,1
62,2
restituido,1
sistemática,1
conozcan,1
aprecien,1
deberes,3
cívicos,1
inculcarles,1
gratuitamente,2
comenzamos,2
prepararse,1
actualizarse,1
tomando,1
discusiones,1
métodos,1
didácticos,2
cómputo,1
toma,1
evidencias,1
empíricas,1
adquiriendo,1
español,1
matemáticas,1
otorgan,1
promueven,1
brinda,1
tristes,1
abandonan,1
ayuden,1
evitan,1
marginadas,2
impiden,1
hambre,1
condenen,1
quedar,1
desventaja,1
abandonen,1
terminarla,1
elaborados,1
aprovecharla,1
truncar,1
proporciona,2
beca,1
hijo,1
hija,1
cursen,1
complementos,1
nutritivos,1
abandonado,1
regresado,1
terminado,2
completarán,1
tendrán,1
hermanos,3
contacto,2
cuidan,1
encontrando,1
sirve,3
fijamos,1
extendidos,1
incorporar,1
nacieron,1
marginados,1
zozobra,1
provoca,1
prevenirla,1
98,1
aplicaban,1
protegían,1
evita,1
polio,1
meningitis,1
u,1
156,1
consultorios,1
45,3
contiene,1
colectivo,2
encontraba,1
escaseaban,1
medicinas,1
cubrirse,1
oportunas,1
pagarse,1
irritación,1
extendían,1
inminente,1
pudimos,1
optar,1
superficiales,1
trasladar,1
irresponsable,1
absorbió,1
pasivo,1
disminuyeran,1
comprometimos,1
rescatar,3
llevando,1
ramos,1
protegen,2
excedentes,1
estable,1
adquirido,1
garantizadas,1
ciudades,2
trabaja,1
lotes,1
regularizadas,1
obtenido,1
infonavit,1
asumió,1
fijado,1
urbano,1
transfirieron,1
manejaba,1
personalismos,1
afanes,1
lucro,1
hablado,1
afecta,1
impide,1
reciba,1
retribución,1
saliendo,1
incertidumbre,1
indefinición,1
agrarias,1
reconocen,2
precisan,1
estériles,1
frenan,1
retardan,1
pacífica,1
rendimiento,1
respalda,1
facilitando,1
maquinaria,1
semillas,1
pies,1
cría,1
llevándoles,1
directas,1
entregando,1
siembran,1
cultivos,1
variaciones,1
compensando,1
afectan,1
referentes,1
recuperando,1
resistente,1
superemos,1
margina,1
respondiendo,2
síntomas,1
ataca,1
concentrando,1
550,1
autoconsumo,1
reorganizado,1
prioritarias,1
estacionales,1
eleven,1
puestos,2
370,1
contribuyen,1
específicas,1
incorporación,1
agreguen,1
tiende,1
campesinas,1
traspatio,1
deteriora,2
vigorosamente,1
restaurar,2
rebasa,1
voluntarios,1
novedosa,1
biológica,1
sembrado,1
árboles,1
comparte,1
conjugar,1
complejos,1
desastres,4
azotó,1
costas,1
guerrero,3
lluvias,1
torrenciales,1
desbordamientos,1
catastróficos,1
pusieron,2
relieve,1
abusar,2
requirieron,1
elevados,2
epidemias,1
escasez,1
reponer,1
destruidas,1
conseguimos,1
aprobado,4
mermar,1
evitaron,1
humanas,2
incalculables,1
leal,1
aérea,2
armada,3
demostró,1
mitch,1
golpeó,1
cuantos,1
inundaciones,1
captó,1
envió,1
auxilio,1
merecidamente,1
quebrada,1
geografía,1
ampliadas,1
kilómetros,3
conservan,1
mantienen,1
transitan,1
aprovechan,2
existan,1
debimos,2
cancelados,1
llegando,1
creada,1
estadística,2
disminuyó,1
triste,1
aliviarse,1
previeron,1
411,1
positiva,1
hablo,1
acepción,1
corresponsables,1
perseguirlos,1
testimonios,1
criminalidad,3
dolerse,1
molesta,2
dejamos,1
acumularan,1
tenazmente,1
obsoletas,1
penetradas,1
cruzados,2
tenía,3
responderle,1
podíamos,1
empezar,1
recientes,3
promulgadas,1
emitido,1
esperar,1
estricta,1
contábamos,1
poseían,1
usaban,1
traficaban,1
armas,1
prohibidas,1
delinquir,1
detener,1
consignar,1
cometía,1
facilidad,1
daba,1
provisional,1
delinquiendo,1
logren,1
castigaba,1
asalto,1
homicidio,1
sentencias,1
aplicables,1
responden,1
suave,1
dañaban,1
defraudaron,1
hacía,1
depurar,1
separar,1
corruptos,1
incapaces,1
evaluar,2
peritos,1
obligaran,1
coordinadamente,1
utilizarlas,1
intercambiar,1
fechorías,1
acusaciones,1
gastaban,3
invertida,1
triple,1
apliquen,1
adiestramiento,1
selección,1
infiltren,1
ofrecido,1
empezaremos,2
ganar,1
batalla,1
perseveramos,1
prisa,1
azota,1
interesa,1
arroje,1
basten,1
satisfecha,1
expresan,1
manejada,1
decirlo,1
disciplinadas,1
duras,3
pasa,2
irresponsabilidad,1
demagogia,1
populismo,1
enfermizo,1
aplauso,1
temor,1
imponen,1
hacerles,1
posponer,1
simular,1
vencerlos,1
obstáculos,1
resistencias,1
inmediata,1
popularidades,1
prestigios,1
personales,2
gobernantes,1
conducido,1
continuaré,1
haciéndolo,1
durado,1
irresponsablemente,1
polémicas,1
comenzara,1
superarse,1
sorprendentemente,1
respectivamente,1
choques,2
derrumbó,1
desquiciaron,1
causando,1
serios,1
ochenta,1
parecidos,1
causaron,1
profundos,1
prolongados,1
evitarlos,1
libramos,1
dadas,1
balance,2
anticipé,1
desenvolvería,1
serían,1
convenientes,1
previne,1
seguiría,1
planteando,2
manteníamos,1
realismo,3
azotado,1
señalamientos,1
precisaron,1
refiere,2
datos,4
conseguiremos,1
sigan,2
abriéndose,1
situarse,1
exceder,1
ambiciosas,2
alcanzables,2
marche,1
razonablemente,1
dedicar,1
presidencias,1
consecutivas,1
arranque,1
habré,1
proponer,1
buscamos,1
sobra,1
habido,1
comuniqué,1
sosteniendo,1
utilidad,1
incidencias,1
especulativos,1
completaremos,1
sucedió,1
cuidaremos,1
siga,2
guardando,1
prevista,1
presentarse,1
extraordinariamente,1
adverso,1
marchará,1
considero,1
anticipar,1
significarán,1
condicionantes,1
precisa,2
conferidas,2
remitidas,1
servidor,2
animada,1
ocurrirá,2
probables,1
apeguemos,1
atengan,1
algún,1
aparte,1
quebrantan,1
contado,1
fundamento,1
legal,4
presumiblemente,1
delinquido,1
épocas,1
considerados,1
intocables,1
dicta,1
faltas,1
quedan,2
insuficiencias,2
vacíos,1
subsanado,1
faltado,1
demanden,1
arbitrario,1
supuestamente,1
corrige,1
arbitrariedad,1
suplir,1
imperfectas,1
obedecidas,1
virtudes,3
inadecuadas,1
reformadas,1
fomente,1
persigue,1
creencias,1
organizarse,2
censurado,1
escribe,1
publica,1
felizmente,2
auge,1
escucha,1
procuro,1
coincidir,2
exactamente,1
parecer,1
practicado,1
alentado,2
aceptar,5
piensen,2
tolerante,1
ejerzamos,1
rehuir,1
exclusión,1
convivan,1
pacíficamente,1
enfáticamente,1
preocupado,1
violento,1
insensibilidad,1
indiferencia,1
llevado,1
ubican,1
cuenten,1
ejercía,1
gastaba,1
centralizada,3
gastan,1
avasalle,1
eviten,1
arbitrariedades,1
guardo,1
modificadas,2
aprobadas,2
restante,1
teniendo,2
subcomisiones,1
abordar,2
empañado,1
incidente,1
vehemencia,1
contienda,3
bueno,2
orgánica,2
fundada,1
auténticas,1
independientes,1
autónomos,1
electrónica,1
celebraremos,1
surgirá,1
escrupulosamente,1
candidatos,4
cuidará,1
prevalezca,1
fomentará,1
practicará,1
alentará,1
harán,1
expresarán,1
qué,1
aporte,1
acerca,1
votando,1
decida,2
veremos,1
preparar,1
alentada,1
hermanan,1
saldremos,1
fortalezcamos,1
grandeza,1
carlos,1
medina,1
plascencia,1
contener,1
procederá,1
recibida,1
leído,2
informar,1
menester,1
inequivoca,1
despacho,1
proporcionar,3
veraz,1
formal,1
públicamente,1
incumplido,1
fluida,1
viene,1
acumulando,2
desesperación,1
seres,1
hundidos,1
evitable,1
pobrezas,1
aplazamiento,1
persistencia,1
retórica,1
vacía,1
desgastada,1
ritual,1
peligrosamente,1
repetir,1
retomado,1
constatamos,1
hallar,1
reiteración,2
insertarnos,2
modernizarse,2
globalizado,2
máxima,2
pensamiento,2
luminosa,2
modelo,1
pasamos,1
desesperanza,1
válido,1
proclamar,1
admira,1
sufre,1
flagelo,1
incontenida,1
despoja,1
asesina,1
despecho,1
macroeconómicos,2
difundidos,2
reflejan,1
grado,1
desdeñable,1
persistir,1
empero,1
lema,1
campaña,1
sacrificada,1
ido,1
concentrándose,1
vinculados,1
estrechamente,1
prevaleciendo,1
ineficiencia,1
señalar,1
blindaje,1
incapacidad,1
incompetencia,1
impida,1
globalidad,1
gobernabilidad,1
competentes,1
serviciales,1
protestado,1
hallarse,1
pregunte,1
cuándo,1
perversión,1
pretender,1
organice,1
rectificaciones,2
especialísima,1
impostergable,1
peligrosa,1
gesta,1
apareciendo,1
demuestran,1
saqueo,1
iniquidad,1
comicial,1
solicitado,1
sinceras,1
inequitativo,1
vuelva,1
manchar,1
sangre,1
derroche,1
plantean,1
armoniosa,1
protegida,1
aprovechada,1
venideras,1
engrandezca,1
mirarnos,1
clausura,1
citatorio,1
sexto,1
saludo,1
quincuagésima,1
octava,1
realicen,1
fructífera,1
entrego,1
analizarán,1
atentos,1
explicación,3
requieran,1
utilizaré,1
reflexión,1
período,3
hallan,1
extensamente,1
ejercido,2
rigurosamente,1
atenida,1
establecen,1
renuncié,1
extra,1
asociado,1
gobernado,1
consciente,1
patrimonialismo,2
terriblemente,1
equívoca,1
investidura,3
ajena,1
reconoce,1
pertenecen,1
afectivas,1
vincularse,1
presidencial,3
seré,1
olvidar,1
porta,1
temporalmente,1
acotado,1
representativos,1
suprimí,1
ceremoniales,1
incongruentes,1
gobernante,2
notado,1
asumí,3
dividirnos,1
credos,1
preferencias,1
distinción,1
libremente,1
mía,1
suspicacia,2
preferido,2
equivocarme,1
sospecha,1
exageración,1
lamentarse,1
afronta,1
compensa,1
aflicción,1
disfrutado,1
sobriedad,1
cuidando,1
entiendo,1
opinen,1
abdicar,1
excederme,1
adelantarme,1
legítima,1
provocaciones,1
mostrado,1
ideología,1
convicciones,1
influidas,1
liberalismo,1
floreció,1
ambigüedades,1
irrestricta,1
concibo,2
soberanas,1
disfrutan,1
poderoso,2
veo,1
pienso,1
intrínseco,1
reserva,1
intervencionista,1
reclamó,1
cuyas,1
1910,2
siento,1
encargaron,1
igualar,3
sumándome,1
abarca,1
disfrute,2
educarse,1
alimentarse,1
opinar,2
intervenir,1
emprenderla,1
milenarias,1
larga,1
erigir,1
proyecta,1
resultan,1
bruscos,1
arriesgados,1
alcanza,2
eslabonando,1
éxito,2
fructífero,1
eliminarse,1
recorrerlo,1
concepto,1
acumulación,1
inercia,1
fugas,1
generada,1
episodios,1
rigidez,1
adecuado,2
incubados,1
quisieron,1
erupción,1
inéditas,1
sencillamente,1
conocían,1
conocía,1
provocado,1
estuvimos,2
verdadero,1
perder,1
juzgué,1
insisto,3
apelé,1
severidad,1
enfrentarla,1
superaría,1
relativamente,1
entraríamos,1
cumplió,1
sostenidamente,1
llegase,1
correspondido,1
bajas,1
sufrieron,1
provenientes,1
turbulencias,1
asia,1
ocurridas,1
99,2
reconocerse,2
refrendar,1
sobresaltos,1
retrocesos,1
potencia,1
exportadora,1
colocando,1
diplomática,1
ejes,1
coinciden,1
reconocida,1
pactadas,1
similar,1
accedan,1
ventaja,1
tantos,1
mundiales,1
mas,1
describí,1
absolutos,1
habitante,1
progresiva,1
podido,1
condicionante,1
reflejada,1
apoyarlas,1
alcanzamos,1
plantearse,1
escolarizada,1
construida,1
sexta,1
incorporó,1
proporciones,1
acuden,1
terminan,1
multiplicar,1
106,1
incentivo,2
tradicionalmente,2
carecido,1
alimenticio,1
multiplicaron,1
beneficiada,1
evaluaciones,1
técnicamente,1
fundadas,1
probando,1
ocurran,1
desafortunado,1
climatológicas,1
registraba,1
frenar,1
vastos,1
frágiles,1
sufridos,1
constatar,1
documentan,1
correcto,1
declararme,1
satisfecho,1
recorrido,1
deseamos,1
esmero,1
sentir,1
tipificar,1
canalizó,1
emprendimos,1
incrustados,1
vano,1
percibirán,1
admito,1
alcanzarse,1
disentir,1
criticar,1
precepto,1
plasmó,1
1857,1
madero,2
movimiento,1
surgida,1
fundacional,1
postergado,1
controversia,1
disgusto,1
concibieron,1
pactaron,1
legislaron,1
méritos,1
soslayar,1
persistía,1
percepción,1
entraña,1
serio,1
asume,1
debíamos,1
manifesté,1
requería,1
doblez,1
subsanar,1
suscribimos,1
prolongadas,1
complejas,1
unánime,1
anhelada,1
sincera,1
gratitud,1
participaron,1
fijó,1
impartir,1
justos,1
elección,2
delegados,1
características,1
asimiladas,1
recriminaciones,1
quedemos,1
llevan,1
surgidas,1
enmarcaron,1
eligió,2
renovaron,1
jornada,2
caracterizó,1
precedida,1
competidas,1
ganaron,1
perdimos,1
fox,2
quesada,2
votación,1
composición,1
inéditos,1
comprensible,1
analizan,1
ocupado,1
explicar,1
explicaciones,1
valiosos,1
contundente,1
remite,1
esencia,2
votaron,1
contó,1
decidió,1
expresada,1
determine,1
quiénes,1
asumo,1
cortapisas,1
pudiese,1
máxime,1
tomarse,1
resultaron,1
ganadores,1
ignorar,1
tristeza,1
pesadumbre,1
resultamos,1
derrotados,1
comprendió,1
cruciales,1
xix,1
cívicas,1
alternancia,3
precedieron,1
iniciamos,1
arribo,2
cierra,1
cargos,1
conferidos,1
acaban,1
ponerla,1
consecución,1
arribar,1
aprendizaje,1
abc,1
convertirla,1
1946,1
asumida,1
enfrentando,1
derrotar,1
obstaculizar,1
dolido,1
recurso,1
únicos,1
válidos,1
prevalezcan,1
monólogo,1
desacuerdo,1
posibilidad,1
sinuosa,1
servirá,1
cualquiera,2
triunfo,1
creen,1
asumirse,1
eternamente,2
oposición,2
aceleren,1
olvidarse,1
promete,1
ricardo,1
garcia,1
cervantes,1
ministro,1
directiva,1
doctor,1
titular,1
inaugural,1
lviii,3
realizará,1
destacable,1
desarrollaron,1
irrestricto,1
emanada,1
actuaron,1
colectiva,1
partícipes,1
tránsito,1
encabeza,1
reflejen,1
avanzará,1
plantea,1
encontremos,1
convergencias,1
tratar,1
hermana,1
defectos,1
poseedor,1
depositario,1
exclusivas,1
aprendamos,1
enseñemos,1
dude,1
apreciamos,1
inteligencia,1
reciprocidad,1
visiones,1
restan,1
renueva,2
pro,1
laico,1
pierde,1
francisco,1
guiando,1
establecidos,1
urgentes,1
representantes,1
vi,1
parlamento,1
ejercida,1
escrúpulo,1
técnico,1
dignificar,1
enfrentarlos,1
surgió,1
prometedor,1
puente,1
enlace,1
administraciones,1
alcanzados,1
dotar,1
mente,1
mentes,2
divisa,2
legó,2
grabada,2
muros,2
letras,2
oro,2
esculpirse,2
